Name,File,Age,Gender,Race,Language,Words,Seconds,WPS,Readability,F0mean,F0median
Aaron Huey,AaronHuey_2010X,35,M,White,US,2200,925,2.38,7.35,158.14,139.13
Abha Dawesar,AbhaDawesar_2013G,39,F,Asian,L2,1987,722,2.753,6.98,240.7,242.42
Abigail Marsh,AbigailMarsh_2016T,40,F,White,US,2042,746,2.737,6.97,215.87,219.18
Abraham Verghese,AbrahamVerghese_2011G,56,M,Asian,L2,3069,1109,2.767,6.94,164.57,140.35
Achenyo Idachaba,AchenyoIdachaba_2015W,45,F,Black,L2,941,441,2.133,7.64,199.68,177.78
Adam Davidson,AdamDavidson_2012S,42,M,White,US,3153,1185,2.66,7.09,157.59,144.14
Adam Galinsky,AdamGalinsky_2016X,47,M,White,US,2386,913,2.614,6.27,199.09,192.77
Adam Grant,AdamGrant_2016,35,M,White,US,2477,929,2.667,6.89,206.89,213.33
Adam Savage,AdamSavage_2016,49,M,White,US,2327,792,2.939,6.62,171.82,153.85
Adam Spencer,AdamSpencer_2013,44,M,White,Non-US,2647,1037,2.553,6.71,180.53,168.42
Aditi Gupta,AditiGupta_2015X,,F,Asian,L2,1504,674,2.23,7.21,200.38,202.53
Aditi Shankardass,AditiShankardass_2009I,,F,Asian,Non-US,977,434,2.251,8.02,195.26,202.53
Adora Svitak,AdoraSvitak_2010,13,F,Asian,US,1254,490,2.561,7.43,233.01,242.42
Ajit Narayanan,AjitNarayanan_2013,32,M,Asian,L2,2614,943,2.771,6.07,198.11,186.05
Alaa Murabit,AlaaMurabit_2015W,26,F,White,Non-US,1598,737,2.168,7.52,215.49,210.53
Alan Russell,AlanRussell_2006,50,M,White,US,3349,1166,2.873,6.54,138.09,120.3
Alan Siegel,AlanSiegel_2010,72,M,White,US,637,263,2.421,7.35,126.44,112.68
Alberto Cairo,AlbertoCairo_2011X,37,M,White,L2,2327,1139,2.043,5.81,166.55,160
Alexa Meade,AlexaMeade_2013G,27,F,White,US,1107,424,2.611,6.53,211.55,207.79
Alexander Betts,AlexanderBetts_2016,36,M,White,Non-US,2603,1094,2.38,7.58,176.48,160
Alex Tabarrok,AlexTabarrok_2009,43,M,White,US,2064,873,2.363,6.56,157.68,150.94
Alice Goffman,AliceGoffman_2015,33,F,White,US,2425,969,2.504,7.05,218.43,225.35
Alice Rawsthorn,AliceRawsthorn_2016,58,F,White,Non-US,1618,708,2.284,8.97,202.56,195.12
Alison Killing,AlisonKilling_2014U,,F,White,Non-US,836,284,2.945,7.4,213.39,219.18
Allan Jones,AllanJones_2011G,,M,White,US,2663,918,2.9,6.77,170.09,131.15
Al Seckel,AlSeckel_2004,46,M,White,US,1688,873,1.934,6.4,157.04,139.13
Alwar Balasubramaniam,AlwarBalasubramaniam_2009I,38,M,Asian,L2,2701,1008,2.68,5.99,164.97,160
Alyssa Monks,AlyssaMonks_2015X,38,F,White,US,1853,793,2.337,6.24,187.58,179.78
Amanda Bennett,AmandaBennett_2013P,61,F,White,US,1945,925,2.104,6.59,214.21,205.13
Amanda Burden,AmandaBurden_2014,70,F,White,US,2654,1108,2.395,6.65,185.88,177.78
Amanda Palmer,AmandaPalmer_2013,37,F,White,Non-US,1932,824,2.344,6.71,181.71,164.95
Ameenah Gurib Fakim,AmeenahGuribFakim_2014G,55,F,Asian,L2,2018,856,2.357,7.53,203.79,205.13
Ami Klin,AmiKlin_2011X,,M,White,US,2869,1182,2.428,6.7,162.66,142.86
Amory Lovins,AmoryLovins_2012S,65,M,White,US,3754,1621,2.316,7.76,135.37,113.48
Amy Purdy,AmyPurdy_2011X,32,F,White,US,1218,589,2.068,7.02,220.97,231.88
Amy Tan,AmyTan_2008,56,F,Asian,US,3719,1366,2.723,6.15,198.62,192.77
Anand Giridharadas,AnandGiridharadas_2016T,,M,Asian,US,1768,1049,1.685,7.39,153.56,131.15
Anant Agarwal,AnantAgarwal_2013G,54,M,Asian,L2,2380,919,2.589,6.74,183.89,164.95
Andras Forgacs,AndrasForgacs_2013G,28,M,White,US,1119,542,2.063,7.5,193.62,163.27
Andrea Ghez,AndreaGhez_2009G,44,F,White,US,3248,983,3.305,5.95,234.21,231.88
Andreas Schleicher,AndreasSchleicher_2012G,48,M,White,L2,2959,1184,2.499,6.81,161.49,148.15
Andrew Blum,AndrewBlum_2012G,,M,White,US,2289,716,3.197,6.66,151.61,118.52
Andrew Connolly,AndrewConnolly_2014,49,M,White,Non-US,2752,1064,2.587,7.2,168.93,155.34
Andrew Fitzgerald,AndrewFitzgerald_2013S,,M,White,US,1809,716,2.527,7.37,149.21,119.4
Andrew Solomon,AndrewSolomon_2014,51,M,White,US,2751,1228,2.241,7.16,156.5,148.15
Andy Puddicombe,AndyPuddicombe_2012S,40,M,White,Non-US,1536,561,2.737,6.46,164.49,148.15
Angela Belcher,AngelaBelcher_2011X,,F,White,US,1914,622,3.076,6.7,252.57,253.97
Angela Duckworth,AngelaDuckworth_2013S,43,F,Asian,US,861,373,2.309,7.54,222.69,225.35
Angela Patton,AngelaPatton_2012X,,F,Black,US,921,525,1.755,6.53,228.1,242.42
Angelica Dass,AngelicaDass_2016,37,F,Black,L2,1188,691,1.719,7.58,203.76,200
Angelo Vermeulen,AngeloVermeulen_2014U,43,M,White,L2,1120,428,2.617,7.5,162.37,125.98
Anna Deavere Smith,AnnaDeavereSmith_2005,55,F,Black,US,3648,1385,2.634,6.24,208.6,205.13
Ann Cooper,AnnCooper_2007P,,F,White,US,3487,1174,2.969,6.06,276,285.71
Anne Curzan,AnneCurzan_2014X,,F,White,US,2388,1034,2.31,6.79,224.94,225.35
Anne Marie Slaughter,AnneMarieSlaughter_2013G,55,F,White,US,2041,1031,1.979,7.28,215.35,216.22
Anne Milgram,AnneMilgram_2013S,43,F,White,US,2300,762,3.02,6.61,180.08,173.91
Annie Lennox,AnnieLennox_2010G,56,F,White,Non-US,1357,553,2.454,7.04,199.78,200
Ann Morgan,AnnMorgan_2015G,61,F,White,Non-US,1858,728,2.553,7.15,231.08,225.35
Anthony Goldbloom,AnthonyGoldbloom_2016U,33,M,White,Non-US,723,281,2.577,7.91,150.69,124.03
Antonio Damasio,AntonioDamasio_2011,67,M,White,L2,2918,1119,2.607,6.49,148.03,134.45
Antony Gormley,AntonyGormley_2012G,62,M,White,Non-US,1858,953,1.95,6.81,164.69,120.3
Aomawa Shields,AomawaShields_2015U,,F,Black,US,742,330,2.252,8.06,191.79,175.82
Aparna Rao,AparnaRao_2013U,63,F,Asian,L2,1481,536,2.763,7.34,208.89,186.05
Arianna Huffington,AriannaHuffington_2010W,50,F,White,L2,501,248,2.023,6.9,245.9,253.97
Ari Wallach,AriWallach_2016X,42,M,White,US,2174,827,2.629,6.36,171.45,161.62
Arthur Brooks,ArthurBrooks_2016,52,M,White,US,2179,859,2.538,6.45,183.93,166.67
Arthur Potts Dawson,ArthurPottsDawson_2010G,39,M,White,Non-US,1614,526,3.069,6.62,138.61,111.89
Arvind Gupta,ArvindGupta_2010P,,M,Asian,L2,2680,927,2.89,6.28,219.88,216.22
Astro Teller,AstroTeller_2016,46,M,White,US,2117,937,2.26,6.86,153.04,134.45
Atul Gawande,AtulGawande_2012,47,M,Asian,US,2592,1156,2.242,6.93,145.41,132.23
Avi Reichental,AviReichental_2014,57,M,White,L2,1125,549,2.049,7.53,177.32,164.95
Avi Rubin,AviRubin_2011X,44,M,White,US,3134,1013,3.093,6.96,180.78,172.04
Ayah Bdeir,AyahBdeir_2012U,30,F,Asian,L2,776,324,2.396,7.13,206.96,200
Aziz Abu Sarah,AzizAbuSarah_2014U,34,M,Asian,L2,704,282,2.498,7.51,173.64,161.62
Aziza Chaouni,AzizaChaouni_2014U,,F,White,L2,850,343,2.479,7.96,263.76,253.97
Baba Shiv,BabaShiv_2012X,,M,Asian,L2,1656,584,2.834,6.26,193.52,172.04
Bahia Shehab,BahiaShehab_2012G,35,F,White,L2,770,353,2.179,7.57,210.41,210.53
Barat Ali Batoor,BaratAliBatoor_2014X,31,M,Asian,L2,1396,641,2.179,7.33,173.92,158.42
Barbara Block,BarbaraBlock_2010Z,,F,White,US,3253,1203,2.704,6.9,278.35,271.19
Barry Schuler,BarrySchuler_2008P,55,M,White,US,3293,1278,2.577,6.44,169.08,155.34
Barry Schwartz,BarrySchwartz_2014U,68,M,White,US,1159,486,2.383,6.84,167.63,158.42
Barton Seaver,BartonSeaver_2010Z,31,M,White,US,1580,563,2.806,6.98,226.77,197.53
Bassam Tariq,BassamTariq_2014U,28,M,Asian,US,766,282,2.715,8.48,153.69,141.59
Beeban Kidron,BeebanKidron_2012S,51,F,White,Non-US,1771,789,2.244,8.44,181.1,170.21
Bel Pesce,BelPesce_2014U,26,F,Latino,L2,964,375,2.569,6.07,213.02,213.33
Ben Cameron,BenCameron_2010X,29,M,White,US,1994,761,2.619,8.75,170.03,173.91
Ben Goldacre,BenGoldacre_2012P,38,M,White,Non-US,2303,809,2.846,6.93,189.42,173.91
Benjamin Barber,BenjaminBarber_2013G,74,M,White,US,2322,1085,2.14,7.33,185.99,136.75
Ben Katchor,BenKatchor_2002,51,M,White,US,1142,671,1.701,8.32,142.05,123.08
Benoit Mandelbrot,BenoitMandelbrot_2010,86,M,White,L2,2479,1027,2.415,6.35,143.79,126.98
Ben Saunders,BenSaunders_2014,37,M,White,Non-US,2643,1028,2.571,7.29,151.8,128
Ben Wellington,BenWellington_2014X,40,M,White,US,2535,712,3.56,6.37,202.35,195.12
Bernie Krause,BernieKrause_2013G,75,M,White,US,1879,888,2.115,7.99,169,131.15
Beth Noveck,BethNoveck_2012G,41,F,White,US,2838,1040,2.729,7.44,208.25,200
Bill Clinton,BillClinton_2007,61,M,White,US,3514,1436,2.447,7.39,175.1,141.59
Bill Ford,BillFord_2011,54,M,White,US,2833,1005,2.818,6.89,148.16,133.33
Bill Gates,BillGates_2015,60,M,White,US,1223,517,2.367,6.76,178.23,170.21
Bill Gross,BillGross_2015U,71,M,White,US,1309,405,3.236,6.75,181.74,172.04
Bill Joy,BillJoy_2006,52,M,White,US,3139,1136,2.763,7,132.85,117.65
Billy Collins,BillyCollins_2014,73,M,White,US,488,243,2.011,7.06,146.62,115.94
Bjarke Ingels,BjarkeIngels_2009G,35,M,White,L2,3009,1091,2.758,6.92,173.58,163.27
Bjorn Lomborg,BjornLomborg_2005,40,M,White,L2,3444,1001,3.439,5.85,162,148.15
Bobby Ghosh,BobbyGhosh_2012X,,M,Asian,L2,2263,988,2.291,6.93,155.94,149.53
Bono,Bono_2013,53,M,White,Non-US,1765,834,2.117,7.38,160.68,136.75
Bran Ferren,BranFerren_2014,61,M,White,US,2907,1212,2.398,7.54,235.35,202.53
Brene Brown,BreneBrown_2010X,45,F,White,US,3046,1216,2.504,5.99,183.67,170.21
Brewster Kahle,BrewsterKahle_2007P,47,M,White,US,3649,1198,3.045,6.27,183.02,148.15
Brian Cox,BrianCox_2010S,42,M,White,Non-US,2911,986,2.953,6.68,139.54,125.98
Brian Goldman,BrianGoldman_2011X,55,M,White,US,3240,1169,2.772,6.37,149.78,134.45
Brian Little,BrianLittle_2016,63,M,White,US,1849,920,2.01,6.93,194.93,183.91
Brian Skerry,BrianSkerry_2010Z,49,M,White,US,3417,970,3.523,6.99,157.85,131.15
Brittney Cooper,BrittneyCooper_2016W,,F,Black,US,1787,754,2.37,7.31,199.36,202.53
Bruce Aylward,BruceAylward_2014X,,M,White,Non-US,3120,1155,2.701,6.5,177.14,142.86
Bruce Feiler,BruceFeiler_2013S,49,M,White,US,3107,1077,2.884,6.72,164.89,146.79
Bruce Schneier,BruceSchneier_2010X,47,M,White,US,3107,1262,2.462,6.24,140.04,133.33
Bunker Roy,BunkerRoy_2011G,66,M,Asian,L2,2614,1145,2.284,6.08,250.91,219.18
Burt Rutan,BurtRutan_2006,63,M,White,US,3001,1172,2.561,6.38,168.84,160
Caitlin Doughty,CaitlinDoughty_2016P,32,F,White,US,1587,718,2.21,7.55,208.88,202.53
Cameron Russell,CameronRussell_2012X,25,F,White,US,1691,575,2.943,6.75,213.71,200
Cameron Sinclair,CameronSinclair_2009G,36,M,White,Non-US,431,182,2.363,8.46,149.69,126.98
Camille Brown,CamilleBrown_2016V,37,F,Black,US,514,280,1.833,8.09,212.7,207.79
Camille Seaman,CamilleSeaman_2013,44,F,Black,US,375,206,1.818,8.18,233.06,250
Carin Bondar,CarinBondar_2013G,38,F,White,Non-US,1490,587,2.537,7.66,224,207.79
Carl Safina,CarlSafina_2015Z,60,M,White,US,2646,1170,2.261,6.44,149.59,140.35
Carmen Agra Deedy,CarmenAgraDeedy_2005,,F,Latino,L2,3110,1074,2.895,6.04,223.91,228.57
Carol Dweck,CarolDweck_2014X,68,F,White,US,1049,625,1.679,7.13,190.32,177.78
Carol Fishman Cohen,CarolFishmanCohen_2015X,,F,White,US,1819,725,2.508,6.92,229.15,228.57
Caroline Casey,CarolineCasey_2010W,39,F,White,Non-US,2678,931,2.877,5.77,212.5,216.22
Caroline Paul,CarolinePaul_2016W,53,F,White,Non-US,1780,765,2.325,6.67,206.87,207.79
Carolyn Jones,CarolynJones_2016P,86,F,White,US,1668,653,2.556,6.73,194.08,190.48
Carolyn Porco,CarolynPorco_2009U,56,F,White,US,476,204,2.337,8.67,206.84,207.79
Carrie Nugent,CarrieNugent_2016U,32,F,White,US,912,370,2.463,7.94,214.5,216.22
Carrie Poppy,CarriePoppy_2016X,,F,White,US,1832,783,2.34,6.25,238.6,238.81
Cary Fowler,CaryFowler_2009G,60,M,White,US,2595,1022,2.538,6.48,148.44,134.45
Catherine Bracy,CatherineBracy_2013Z,,F,Black,US,1560,590,2.643,7.24,214.24,200
Catherine Mohr,CatherineMohr_2010U,42,F,White,Non-US,1061,370,2.868,6.58,204.52,202.53
Cedric Villani,CedricVillani_2016,43,M,White,Non-US,2042,988,2.067,7.49,201.47,188.24
Charity Wayua,CharityWayua_2016S,31,F,Black,L2,1635,715,2.286,7.34,216.13,228.57
Charles Anderson,CharlesAnderson_2009I,,M,White,Non-US,3276,995,3.292,5.84,192.62,152.38
Charles Fleischer,CharlesFleischer_2005,55,M,White,US,2746,1080,2.542,6.39,189.07,177.78
Charles Leadbeater,CharlesLeadbeater_2010S,,M,White,Non-US,3077,1135,2.711,6.69,162.9,139.13
Charles Robertson,CharlesRobertson_2013G,,M,White,Non-US,2076,814,2.551,6.67,187.12,168.42
Charlie Todd,CharlieTodd_2011X,,M,White,US,2002,721,2.776,6.4,195.51,164.95
Charmian Gooch,CharmianGooch_2014,49,F,White,Non-US,2203,971,2.269,7.05,268.69,246.15
Chelsea Shields,ChelseaShields_2015F,34,F,White,US,1895,760,2.492,6.96,218.86,216.22
Cheryl Hayashi,CherylHayashi_2010,,F,Asian,US,2176,865,2.515,7.01,214.98,216.22
Chimamanda Adichie,ChimamandaAdichie_2009G,32,F,Black,Non-US,2845,1126,2.526,7.08,174.28,155.34
Chimamanda Ngozi Adichie,ChimamandaNgoziAdichie_2012X,35,F,Black,L2,4546,1772,2.565,6.22,182.96,166.67
Chinaka Hodge,ChinakaHodge_2016W,31,F,Black,US,692,241,2.869,7.58,222.5,222.22
Chip Conley,ChipConley_2010,50,M,White,US,2927,1057,2.77,6.73,167.83,164.95
Chip Kidd,ChipKidd_2015S,51,M,White,US,2503,1137,2.201,6.59,177.2,152.38
Chris Abani,ChrisAbani_2008,42,M,Black,Non-US,2311,969,2.386,6.42,159.14,132.23
Chris Bangle,ChrisBangle_2002,46,M,White,US,3713,1198,3.098,6.11,163.55,160
Chris Bliss,ChrisBliss_2011X,,M,White,US,2419,957,2.528,7.85,165.02,150.94
Chris Downey,ChrisDowney_2013Z,,M,White,US,1789,700,2.555,6.73,184.86,156.86
Chris Jordan,ChrisJordan_2008,45,M,White,US,1736,674,2.575,6.91,135.86,123.08
Christiana Figueres,ChristianaFigueres_2016,60,F,Latino,Non-US,1808,894,2.022,7.16,213.1,216.22
Christien Meindertsma,ChristienMeindertsma_2010G,30,F,White,L2,1481,531,2.789,6.74,209.23,207.79
Christina Warinner,ChristinaWarinner_2012U,,F,White,US,842,328,2.567,8.07,215.34,210.53
Christine Sun Kim,ChristineSunKim_2015F,35,F,Asian,US,1671,921,1.814,6.54,183.02,188.24
Christoph Adami,ChristophAdami_2011X,49,M,White,L2,3261,1128,2.89,6.37,183.8,173.91
Christopher Bell,ChristopherBell_2015X,,M,Black,US,2729,952,2.866,6.23,182.52,173.91
Chrystia Freeland,ChrystiaFreeland_2013G,45,F,White,Non-US,2073,924,2.243,7.64,218.78,207.79
Clifford Stoll,CliffordStoll_2006,56,M,White,US,2692,1071,2.514,6.23,184.57,170.21
Clint Smith,ClintSmith_2015,102,M,Black,US,946,317,2.987,7.26,157,137.93
Colin Camerer,ColinCamerer_2013X,54,M,White,US,2747,830,3.311,6.7,166.79,146.79
Colin Grant,ColinGrant_2012X,51,M,Black,Non-US,2576,1049,2.456,7.01,158.82,156.86
Colin Powell,ColinPowell_2012X,75,M,Black,US,3086,1064,2.902,5.95,167.84,134.45
Colin Stokes,ColinStokes_2012X,25,M,White,US,1879,773,2.43,6.59,172.6,149.53
Conrad Wolfram,ConradWolfram_2010G,40,M,White,Non-US,2899,1036,2.799,6.08,159.83,158.42
Dame Ellen Mac Arthur,DameEllenMacArthur_2015,39,F,White,Non-US,2811,1012,2.778,6.73,201.33,202.53
Dame Stephanie Shirley,DameStephanieShirley_2015,82,F,White,Non-US,1448,823,1.759,7.33,196.52,190.48
Damon Horowitz,DamonHorowitz_2011,,M,White,US,601,227,2.645,6.89,159.7,137.93
Dan Ariely,DanAriely_2015U,48,M,White,US,1504,538,2.796,6.14,177.96,164.95
Dan Barber,DanBarber_2008P,39,M,White,US,3015,1216,2.479,6.19,171.73,153.85
Dan Bricklin,DanBricklin_2016X,65,M,White,US,1862,724,2.572,6.89,159.49,148.15
Dan Buettner,DanBuettner_2009X,49,M,White,US,3173,1176,2.698,6.88,232.81,213.33
Dan Gross,DanGross_2016,,M,White,US,2078,823,2.525,7.21,162.19,145.45
Daniel Goldstein,DanielGoldstein_2011S,42,M,White,US,2779,957,2.905,6.51,163.36,124.03
Daniel Goleman,DanielGoleman_2007,61,M,White,US,2092,794,2.636,7.11,169.26,153.85
Daniel Levitin,DanielLevitin_2015G,58,M,White,US,2219,744,2.981,6.79,174.19,161.62
Daniel Pauly,DanielPauly_2010Z,64,M,Black,L2,1159,539,2.151,7.07,156.27,125
Daniel Suarez,DanielSuarez_2013G,21,M,White,US,1724,800,2.154,8.17,181.29,172.04
Daniel Tammet,DanielTammet_2011,32,M,White,Non-US,1211,650,1.863,6.93,134.43,110.34
Dan Meyer,DanMeyer_2010X,,M,White,US,2276,696,3.27,6.84,153.61,136.75
Danny Dorling,DannyDorling_2016X,48,M,White,Non-US,1909,851,2.242,6.5,156.69,126.98
Danny Hillis,DannyHillis_2013,57,M,White,US,2092,748,2.796,6.69,162.39,136.75
Dan Pallotta,DanPallotta_2016,55,M,White,US,1411,720,1.959,7.14,151.89,139.13
Dan Phillips,DanPhillips_2010X,,M,White,US,2945,1075,2.74,6.48,162.42,121.21
Daphne Bavelier,DaphneBavelier_2012X,,F,White,L2,2864,1075,2.665,6.23,234.97,238.81
Dave Brain,DaveBrain_2015X,,M,White,US,2223,826,2.691,6.32,158.53,125.98
Dave Meslin,DaveMeslin_2010X,,M,White,US,1202,422,2.847,7.2,180.35,155.34
David Agus,DavidAgus_2009P,44,M,White,US,3942,1421,2.774,6.42,147.13,136.75
David Anderson,DavidAnderson_2013X,,M,White,US,2371,923,2.57,7.16,158.69,139.13
David Binder,DavidBinder_2012G,45,M,White,US,1272,541,2.35,7.67,195.01,186.05
David Blaine,DavidBlaine_2009P,36,M,White,US,3044,1216,2.504,6.23,140.01,114.29
David Brooks,DavidBrooks_2014U,,M,White,US,822,301,2.726,7.21,145.27,111.11
David Byrne,DavidByrne_2010,58,M,White,US,2078,957,2.171,6.81,171.28,158.42
David Cameron,DavidCameron_2010,44,M,White,Non-US,2328,836,2.783,6.51,158.19,140.35
David Carson,DavidCarson_2003,48,M,White,US,3628,1354,2.68,6.5,155.18,124.03
David Chalmers,DavidChalmers_2014,48,M,White,Non-US,2503,1117,2.24,6.5,174.66,161.62
David Christian,DavidChristian_2011,,M,White,Non-US,2431,1057,2.3,6.85,167.28,153.85
David Epstein,DavidEpstein_2014,,M,White,US,2552,894,2.856,7.35,153.33,139.13
David Gallo,DavidGallo_2007,41,M,White,US,904,322,2.81,6.77,167.93,141.59
David Griffin,DavidGriffin_2008,,M,White,US,2391,893,2.676,7.36,133.42,115.94
David Hoffman,DavidHoffman_2008,,M,White,US,629,241,2.612,6.22,139.36,119.4
David Keith,DavidKeith_2007S,,M,White,Non-US,3265,953,3.427,6.41,177.93,156.86
David Kelley,DavidKelley_2012,63,M,White,US,1837,703,2.612,6.32,150.33,133.33
David Kwong,DavidKwong_2014,34,M,Asian,US,1763,703,2.508,5.99,179.8,172.04
David Lang,DavidLang_2013U,,M,White,US,721,269,2.682,7.74,163.88,120.3
David Logan,DavidLogan_2009,,M,White,US,3062,996,3.073,6.16,183.42,175.82
David Macaulay,DavidMacaulay_2002,56,M,White,US,4137,1294,3.197,6.67,156.28,140.35
David Mackay,DavidMackay_2012X,80,M,White,US,3085,1112,2.775,6.44,169.63,146.79
David Puttnam,DavidPuttnam_2013X,72,M,White,Non-US,1747,641,2.724,8.42,134.9,115.94
David Rothkopf,DavidRothkopf_2015,60,M,White,US,2633,1084,2.428,6.84,176.87,163.27
David Sedlak,DavidSedlak_2015X,,M,White,US,2317,821,2.822,7.46,172.8,164.95
David Sengeh,DavidSengeh_2014U,,M,Black,L2,575,283,2.031,8.73,260.05,219.18
Dean Kamen,DeanKamen_2009P,58,M,White,US,2774,1169,2.372,6.14,123.77,103.23
Deborah Gordon,DeborahGordon_2014,59,F,White,US,2279,849,2.683,6.86,207.27,213.33
Debra Jarvis,DebraJarvis_2014P,50,F,White,US,2031,974,2.085,6.19,195.53,179.78
Dee Boersma,DeeBoersma_2010Z,64,F,White,US,2661,906,2.937,6.48,223.69,219.18
Deepika Kurup,DeepikaKurup_2016W,18,F,Asian,US,1032,484,2.133,8.08,238.69,250
Deeyah Khan,DeeyahKhan_2016X,39,F,Asian,L2,3105,1215,2.555,6.38,189.65,192.77
Del Harvey,DelHarvey_2014,,F,White,US,1226,559,2.193,7.33,243.2,222.22
Denis Dutton,DenisDutton_2010,,M,White,US,1900,930,2.043,8.36,176.8,168.42
Denise Herzing,DeniseHerzing_2013,,F,White,US,2513,878,2.862,6.71,196.61,190.48
Derek Sivers,DerekSivers_2010G,41,M,White,US,519,193,2.696,6.99,171.64,152.38
Devdutt Pattanaik,DevduttPattanaik_2009I,39,M,Asian,L2,2397,1103,2.174,6.8,168.92,158.42
Dianna Cohen,DiannaCohen_2010Z,45,F,White,US,908,315,2.883,6.97,226.65,213.33
Didier Sornette,DidierSornette_2013G,56,M,White,L2,2155,1021,2.11,7.62,171.49,142.86
Diebedo Francis Kere,DiebedoFrancisKere_2013Z,48,M,Black,L2,1446,732,1.976,5.91,191.59,148.15
Dilip Ratha,DilipRatha_2014G,,M,Asian,L2,2139,1023,2.091,6.99,148.38,140.35
Dimitar Sasselov,DimitarSasselov_2010G,49,M,White,L2,2767,1107,2.499,6.27,159.29,146.79
Donald Sadoway,DonaldSadoway_2012,62,M,White,US,1900,912,2.084,7.51,156.9,145.45
Don Norman,DonNorman_2003,68,M,White,US,2239,772,2.899,6.3,180.28,153.85
Don Tapscott,DonTapscott_2016T,69,M,White,US,2668,1134,2.353,7.11,163.85,146.79
Doris Kearns Goodwin,DorisKearnsGoodwin_2008,65,F,White,US,3746,1122,3.338,6.97,173.04,166.67
Drew Berry,DrewBerry_2011X,41,M,White,US,1639,545,3.008,7.15,159.89,141.59
Drew Curtis,DrewCurtis_2012,39,M,White,US,1007,398,2.533,7.08,190.64,164.95
Dustin Yellin,DustinYellin_2014S,39,M,White,US,1270,456,2.784,6.89,164.66,152.38
Ed Boyden,EdBoyden_2016T,37,M,White,US,2465,799,3.084,6.58,167.42,136.75
Eddie Obeng,EddieObeng_2012G,53,M,Black,Non-US,2393,753,3.178,6.31,256.64,262.3
Edi Rama,EdiRama_2012X,48,M,White,L2,1683,939,1.791,7.14,219.01,173.91
Edward Burtynsky,EdwardBurtynsky_2009G,54,M,White,L2,579,217,2.673,7.63,168.76,148.15
Ed Yong,EdYong_2014,33,M,Asian,Non-US,2006,794,2.525,7.95,187.1,170.21
Elaine Morgan,ElaineMorgan_2009G,89,F,White,Non-US,2351,1033,2.275,6.48,209.25,213.33
Eli Beer,EliBeer_2013P,40,M,White,US,1740,645,2.699,6.1,188.35,188.24
Elif Shafak,ElifShafak_2010G,39,F,White,L2,3176,1183,2.686,7.21,204.64,205.13
Eli Pariser,EliPariser_2011,31,M,White,US,1400,541,2.586,6.74,178.19,170.21
Elizabeth Gilbert,ElizabethGilbert_2014,45,F,White,US,1441,438,3.288,7.11,178.63,166.67
Elizabeth Lesser,ElizabethLesser_2016W,,F,White,US,1970,949,2.076,6.58,205.66,205.13
Elizabeth Lindsey,ElizabethLindsey_2010W,,F,Asian,US,1005,610,1.648,7.31,197.91,200
Elizabeth Loftus,ElizabethLoftus_2013G,,F,White,US,2402,1056,2.274,7.19,248.3,250
Elizabeth Murchison,ElizabethMurchison_2011G,,F,White,Non-US,1826,780,2.34,6.98,229.11,231.88
Elizabeth Nyamayaro,ElizabethNyamayaro_2015W,40,F,Black,L2,1346,763,1.763,7.22,229.85,235.29
Ellen Jorgensen,EllenJorgensen_2016T,61,F,White,US,1597,597,2.674,6.7,202,188.24
Elora Hardy,EloraHardy_2015,35,F,White,US,1383,621,2.226,7.31,206.3,216.22
Elyn Saks,ElynSaks_2012G,,F,White,US,2649,889,2.978,6.92,171.2,160
Emily Balcetis,EmilyBalcetis_2014X,,F,White,US,2239,848,2.64,6.47,230.04,228.57
Emily Oster,EmilyOster_2007,27,F,White,US,3256,935,3.483,6.24,214.49,210.53
Emma Marris,EmmaMarris_2016T,37,F,White,US,2647,956,2.768,6.66,211.27,207.79
Emma Teeling,EmmaTeeling_2012X,,F,White,Non-US,2531,982,2.577,6.6,235.6,228.57
Emtithal Mahmoud,EmtithalMahmoud_2016P,23,F,Black,L2,1504,656,2.294,6.84,198.19,207.79
Eric Berlow,EricBerlow_2010G,,M,White,US,666,219,3.038,7.86,152.39,128
Eric Liu,EricLiu_2016S,48,M,Asian,US,1965,817,2.405,7.21,173.75,164.95
Eric Topol,EricTopol_2009P,55,M,White,US,2816,1015,2.773,6.94,143.43,131.15
Erik Brynjolfsson,ErikBrynjolfsson_2013,51,M,White,US,1580,716,2.206,7.54,178.83,160
Erik Hersman,ErikHersman_2009U,34,M,White,Non-US,673,237,2.845,6.41,159.98,130.08
Erik Johansson,ErikJohansson_2011S,,M,White,L2,858,378,2.267,6.48,153.54,136.75
Erin McKean,ErinMcKean_2014Y,43,F,White,US,1133,417,2.72,6.26,239.22,238.81
Ernesto Sirolli,ErnestoSirolli_2012X,62,M,White,L2,2133,1026,2.078,6.63,162.89,145.45
Esther Duflo,EstherDuflo_2010,38,F,White,L2,2921,1004,2.909,5.94,244.21,258.06
Esther Perel,EstherPerel_2015,57,F,White,Non-US,2754,1295,2.127,6.74,229.4,242.42
Ethan Zuckerman,EthanZuckerman_2010G,37,M,White,US,3835,1182,3.244,6.62,180.36,164.95
Euvin Naidoo,EuvinNaidoo_2007G,36,M,Black,Non-US,2785,1141,2.44,7.05,144.78,139.13
Eva Vertes,EvaVertes_2005,20,F,White,US,2873,1129,2.545,6.42,240.94,250
Eve Ensler,EveEnsler_2010W,57,F,White,US,2001,775,2.581,6.81,226.44,225.35
Fabien Cousteau,FabienCousteau_2014G,47,M,White,L2,1599,652,2.453,7.29,136.23,125
Felix Dennis,FelixDennis_2004,57,M,White,Non-US,1905,1044,1.824,6.74,155.5,130.08
Frans Lanting,FransLanting_2014,63,M,White,L2,401,215,1.869,6.98,161.27,144.14
Fred Swaniker,FredSwaniker_2014G,38,M,Black,L2,2026,811,2.499,6.82,178.01,172.04
Fredy Peccerelli,FredyPeccerelli_2014Y,43,M,White,L2,1410,525,2.686,6.63,130.1,100.63
Freeman Dyson,FreemanDyson_2003,80,M,White,L2,2645,1145,2.309,6.31,176.12,153.85
Freeman Hrabowski,FreemanHrabowski_2013,63,M,Black,US,2731,911,2.999,6.33,183.83,166.67
Garik Israelian,GarikIsraelian_2009G,46,M,White,L2,2250,949,2.371,6.4,160.12,131.15
Garry Kasparov,GarryKasparov_2017,54,M,White,L2,1552,925,1.678,7.66,179.6,173.91
Gary Greenberg,GaryGreenberg_2012X,,M,White,US,2166,723,2.996,6.29,139.15,118.52
Gary Kovacs,GaryKovacs_2012U,48,M,White,US,1088,397,2.743,6.76,168.29,152.38
Gary Slutkin,GarySlutkin_2013P,,M,White,US,2039,848,2.403,7.19,156.67,111.89
Gavin Schmidt,GavinSchmidt_2014,,M,White,Non-US,1834,730,2.512,6.58,177.93,172.04
Gayle Tzemach Lemmon,GayleTzemachLemmon_2015W,42,F,White,US,1868,688,2.715,6.87,228.84,228.57
Geoffrey West,GeoffreyWest_2011G,71,M,White,Non-US,2701,1050,2.571,6.58,144.94,129.03
George Ayittey,GeorgeAyittey_2007G,62,M,Black,L2,2096,1069,1.961,6.8,160.29,148.84
George Dyson,GeorgeDyson_2003,,M,White,US,2922,1040,2.811,6.6,162.66,135.59
George Monbiot,GeorgeMonbiot_2013G,50,M,White,Non-US,2172,911,2.385,7.71,198.76,200
George Smoot,GeorgeSmoot_2008P,63,M,White,US,3778,1132,3.337,6.02,139.68,119.4
George Takei,GeorgeTakei_2014X,77,M,Asian,US,1768,958,1.845,7.22,167.69,122.14
Georgette Mulheir,GeorgetteMulheir_2012S,,F,White,Non-US,1628,638,2.552,7.89,207.16,213.33
Gero Miesenboeck,GeroMiesenboeck_2010G,45,M,White,L2,2576,1052,2.45,7.35,149.94,139.13
Gian Giudice,GianGiudice_2013X,52,M,White,L2,1860,850,2.187,7.05,216.31,200
Gill Hicks,GillHicks_2016X,,F,White,Non-US,991,642,1.544,7.09,179.75,179.78
Giorgia Lupi,GiorgiaLupi_2017S,36,F,White,L2,1788,678,2.639,7.3,221.51,210.53
Grady Booch,GradyBooch_2016S,61,M,White,US,1593,625,2.549,7.55,155.7,129.03
Graham Hawkes,GrahamHawkes_2005,58,M,White,Non-US,1888,725,2.605,6.56,152.83,134.45
Graham Hill,GrahamHill_2011U,82,M,White,US,784,346,2.264,6.75,168.3,158.42
Greg Asner,GregAsner_2013G,44,M,White,US,2392,830,2.881,7.07,161.7,145.45
Greg Lynn,GregLynn_2005,41,M,White,US,2903,1135,2.559,7.35,127.58,108.84
Gregory Petsko,GregoryPetsko_2008,60,M,White,US,590,227,2.6,7.71,174.04,163.27
Gregory Stock,GregoryStock_2003,,M,White,US,2931,1071,2.736,6.51,159.13,136.75
Greg Stone,GregStone_2010Z,49,M,White,US,3117,1033,3.018,6.87,155.51,136.75
Hannah Fry,HannahFry_2014X,30,F,White,Non-US,2790,1026,2.719,6.76,212.42,195.12
Hans Rosling,HansRosling_2006,58,M,White,L2,3138,1190,2.637,6.18,181.11,175.82
Harald Haas,HaraldHaas_2011G,,M,White,L2,1846,769,2.402,6.33,158.67,132.23
Harish Manwani,HarishManwani_2013S,60,M,Asian,L2,1199,470,2.553,6.7,173.2,161.62
Harry Baker,HarryBaker_2014X,,M,White,Non-US,2541,842,3.016,7.1,172.76,140.35
Harvey Fineberg,HarveyFineberg_2011,66,M,White,US,2300,1038,2.216,7.21,150.72,132.23
Heather Barnett,HeatherBarnett_2014S,,F,White,Non-US,1734,732,2.369,7.94,213.98,210.53
Hector Garcia,HectorGarcia_2015P,,M,Latino,US,1513,635,2.381,7.07,162.71,153.85
Hector Ruiz,HectorRuiz_2007G,62,M,Latino,L2,3576,1191,3.002,6.56,155.33,137.93
Henry Lin,HenryLin_2013Y,,M,Asian,US,1084,403,2.689,6.63,189.63,172.04
Henry Markram,HenryMarkram_2009G,47,M,White,Non-US,2244,888,2.528,6.42,172.78,155.34
Hilary Cottam,HilaryCottam_2015G,,F,White,Non-US,2994,1019,2.937,7.01,196.77,186.05
Holly Morris,HollyMorris_2013G,,F,White,US,1243,532,2.338,8.3,229.46,225.35
Honor Harger,HonorHarger_2011S,36,F,White,Non-US,1196,673,1.776,7.75,190.37,186.05
Howard Rheingold,HowardRheingold_2005,58,M,White,US,2399,1171,2.049,7.94,158.59,142.86
Hugh Evans,HughEvans_2016,,M,White,Non-US,2589,1021,2.536,7.24,180.92,177.78
Hyeonseo Lee,HyeonseoLee_2013,33,F,Asian,L2,1592,732,2.176,6.58,206.65,202.53
Ian Bremmer,IanBremmer_2016X,47,M,White,US,2341,941,2.487,6.68,181.68,164.95
Ian Dunbar,IanDunbar_2007P,60,M,White,Non-US,2665,879,3.032,6.02,187.85,153.85
Ian Goldin,IanGoldin_2009G,,M,White,Non-US,1268,423,2.995,7.14,134.85,116.79
Ian Ritchie,IanRitchie_2011G,,M,White,Non-US,1018,338,3.009,7.23,153.19,136.75
Iqbal Quadir,IqbalQuadir_2005G,47,M,Asian,L2,2317,952,2.434,6.61,172.5,166.67
Ivan Coyote,IvanCoyote_2015X,46,M,White,Non-US,1488,714,2.083,6.58,208.98,219.18
Ivan Krastev,IvanKrastev_2012G,47,M,White,L2,2180,842,2.59,6.56,160.58,140.35
Iwan Baan,IwanBaan_2013Z,38,M,White,L2,2476,1019,2.43,8.06,151.31,118.52
Jack Andraka,JackAndraka_2013,16,M,White,US,1559,686,2.272,7.21,190.21,186.05
Jack Horner,JackHorner_2011,,M,White,US,2225,993,2.24,6.24,146.55,116.79
Jackie Tabick,JackieTabick_2009P,61,F,White,Non-US,2005,943,2.126,6.08,193.94,200
Jacqueline Novogratz,JacquelineNovogratz_2010W,49,F,White,US,2785,1063,2.62,7.32,211.26,213.33
Jae Rhim Lee,JaeRhimLee_2011G,36,F,Asian,US,1024,447,2.291,7.83,221.66,216.22
Jake Wood,JakeWood_2011X,39,M,White,US,880,296,2.969,6.54,173.76,146.79
Jamais Cascio,JamaisCascio_2006,,M,White,US,2679,976,2.746,8.15,123.38,101.91
James Balog,JamesBalog_2009G,57,M,White,US,2970,1156,2.569,6.62,145.81,124.03
James Flynn,JamesFlynn_2013,,M,White,US,2730,1121,2.435,6.91,165.96,149.53
James Geary,JamesGeary_2009G,47,M,White,US,1300,567,2.293,7.14,151.09,116.79
James Green,JamesGreen_2015P,,M,White,US,1368,644,2.125,6.42,190.84,188.24
James Hansen,JamesHansen_2012,71,M,White,US,2277,1068,2.132,8.03,155.26,136.75
James Howard Kunstler,JamesHowardKunstler_2004,56,M,White,US,3143,1185,2.653,6.82,195.5,188.24
James Nachtwey,JamesNachtwey_2007,59,M,White,US,2987,1305,2.289,8.12,136.89,106.67
James Patten,JamesPatten_2013U,36,M,White,US,1083,372,2.909,7.87,151.9,134.45
James Randi,JamesRandi_2007,79,M,White,Non-US,2784,1037,2.686,6.22,164.98,139.13
James Stavridis,JamesStavridis_2012G,57,M,White,US,2102,991,2.121,7.18,170.34,155.34
James Veitch,JamesVeitch_2016T,,M,White,Non-US,914,465,1.967,6.3,199.8,183.91
James Watson,JamesWatson_2005,77,M,White,US,3079,1211,2.542,6.2,148.79,124.03
Jamie Bartlett,JamieBartlett_2015G,49,M,White,Non-US,1877,841,2.232,7.56,161.38,145.45
Jamie Heywood,JamieHeywood_2009P,43,M,White,US,3297,1011,3.26,6.07,150.45,137.93
Jamila Raqib,JamilaRaqib_2015P,,F,Asian,US,1304,541,2.41,7.75,213.63,225.35
Jan Chipchase,JanChipchase_2007,,M,White,Non-US,2687,963,2.789,6.33,195.77,160
Jane Chen,JaneChen_2009I,31,F,Asian,US,774,283,2.734,7.8,187.7,172.04
Jane Goodall,JaneGoodall_2002,68,F,White,Non-US,4284,1644,2.606,6.72,224.82,207.79
Jane Poynter,JanePoynter_2009,,F,White,US,2735,954,2.867,6.25,245.3,242.42
Janet Echelman,JanetEchelman_2011,45,F,White,US,1122,563,1.994,8.15,189.24,188.24
Janet Iwasa,JanetIwasa_2014U,,F,Asian,US,827,311,2.659,7.74,249.57,222.22
Janine Benyus,JanineBenyus_2009G,51,F,White,US,2448,1056,2.318,7.04,188.77,183.91
Janine Shepherd,JanineShepherd_2012X,50,F,White,Non-US,2939,1134,2.591,6.01,203.35,200
Janna Levin,JannaLevin_2011,44,F,White,US,2933,1060,2.766,6.47,237.08,238.81
Jared Diamond,JaredDiamond_2013,76,M,White,US,2586,1092,2.369,7.47,155.68,144.14
Jedidah Isler,JedidahIsler_2015F,,F,Black,US,1806,826,2.186,8.38,215.3,207.79
Jeffrey Brown,JeffreyBrown_2015,,M,Black,US,2595,1087,2.386,6.72,140.59,116.79
Jeff Smith,JeffSmith_2012S,,M,White,US,764,297,2.569,7.88,143.86,123.08
Jennifer Brea,JenniferBrea_2016T,,F,Black,US,2375,1032,2.302,7.11,161.51,155.34
Jennifer Granholm,JenniferGranholm_2013,54,F,White,US,1894,758,2.497,6.89,237.12,242.42
Jennifer Kahn,JenniferKahn_2016,,F,White,US,2053,750,2.739,7.09,193.22,179.78
Jennifer Pahlka,JenniferPahlka_2012,43,F,White,US,2016,728,2.77,6.47,214.36,216.22
Jeremy Gilley,JeremyGilley_2011G,42,M,White,Non-US,3615,1058,3.417,6.22,168.96,142.86
Jeremy Heimans,JeremyHeimans_2014S,,M,White,Non-US,2583,912,2.831,6.85,197.86,190.48
Jeremy Jackson,JeremyJackson_2010Z,30,M,White,US,2790,1096,2.545,6.88,171.49,132.23
Jessa Gamble,JessaGamble_2010G,31,F,White,US,605,238,2.542,7.47,186.65,177.78
Jessica Green,JessicaGreen_2013U,,F,White,US,1270,523,2.427,7.42,215.9,197.53
Jessica Jackley,JessicaJackley_2010G,33,F,White,US,3714,1110,3.345,6.29,206.6,207.79
Jessica Shortall,JessicaShortall_2015X,,F,White,US,2557,949,2.694,6.56,208.21,192.77
Jill Bolte Taylor,JillBolteTaylor_2008,49,F,White,US,2680,1118,2.396,6.32,240.65,250
Jill Farrant,JillFarrant_2015G,,F,White,Non-US,2200,840,2.619,6.94,193.49,173.91
Jill Heinerth,JillHeinerth_2015Y,50,F,White,Non-US,1002,413,2.426,7.5,210.75,210.53
Jill Tarter,JillTarter_2009,65,F,White,US,2494,1275,1.956,7.82,164.49,164.95
Jim Fallon,JimFallon_2009,,M,White,US,1120,386,2.902,6.56,187.96,141.59
Jimmy Carter,JimmyCarter_2015W,91,M,White,US,2501,1000,2.501,7.17,170.95,152.38
Jimmy Nelson,JimmyNelson_2014G,,M,White,Non-US,3505,1043,3.361,5.71,180.79,172.04
Jody Williams,JodyWilliams_2010W,60,F,White,US,1509,649,2.325,6.55,195.5,197.53
Joe Gebbia,JoeGebbia_2016,35,M,White,US,2114,964,2.192,6.75,157.6,141.59
Joe Landolina,JoeLandolina_2014U,21,M,White,US,885,306,2.897,7.11,178.4,166.67
Joe Madiath,JoeMadiath_2014G,64,M,Asian,L2,1282,732,1.752,7.25,179.39,183.91
Joe Sabia,JoeSabia_2011S,28,M,White,US,416,228,1.824,7.45,182.07,172.04
Johann Hari,JohannHari_2015G,36,M,White,Non-US,2998,886,3.383,6.57,179.85,163.27
Johan Rockstrom,JohanRockstrom_2010G,45,M,White,L2,2961,1121,2.641,7.67,149.83,135.59
John Delaney,JohnDelaney_2010Z,,M,White,US,3039,1247,2.437,6.98,144.55,124.03
John Doerr,JohnDoerr_2007,56,M,White,US,2600,1066,2.438,6.83,173.08,120.3
John Hardy,JohnHardy_2010G,68,M,White,Non-US,1756,812,2.162,6.51,154.97,155.34
John Lloyd,JohnLloyd_2009G,,M,White,Non-US,1661,622,2.672,6.51,151.2,128
John Maeda,JohnMaeda_2012G,46,M,Asian,US,2846,998,2.851,6.03,181.01,148.15
John Mc Whorter,JohnMcWhorter_2016,51,M,Black,US,1555,605,2.569,6.41,177.91,150.94
John Searle,JohnSearle_2013,81,M,White,US,2536,899,2.821,6.48,172.68,153.85
John Wilbanks,JohnWilbanks_2012G,,M,White,US,3201,983,3.257,6.35,169.42,149.53
John Wooden,JohnWooden_2001,91,M,White,US,3182,1056,3.013,6.17,139.09,122.14
Joi Ito,JoiIto_2014,48,M,Asian,US,2253,751,2.999,7.12,154.32,125.98
Jok Church,JokChurch_2007,58,M,White,US,483,210,2.297,6.4,146.6,115.11
Jonas Eliasson,JonasEliasson_2012X,43,M,White,L2,1489,504,2.952,6.4,225.18,200
Jonas Gahr Store,JonasGahrStore_2011X,51,M,White,L2,2207,895,2.465,6.64,155.02,142.86
Jonathan Eisen,JonathanEisen_2012P,44,M,White,US,2273,860,2.643,6.79,179.85,164.95
Jonathan Harris,JonathanHarris_2007,93,M,White,US,3210,1031,3.114,6.64,159.75,137.93
Jonathan Klein,JonathanKlein_2010U,,M,White,Non-US,923,359,2.57,7.95,156.32,131.15
Jonathan Marks,JonathanMarks_2017X,,M,White,Non-US,1888,900,2.097,7.49,174.62,163.27
Jonathan Tepperman,JonathanTepperman_2016T,45,M,White,US,2603,1101,2.364,7.7,176.65,158.42
Jonathan Zittrain,JonathanZittrain_2009G,40,M,White,US,2980,1189,2.507,6.73,190.07,181.82
Jon Gosier,JonGosier_2014U,33,M,Black,US,925,368,2.511,8.21,157.84,119.4
Jon Mooallem,JonMooallem_2014,,M,White,US,2596,857,3.031,7.56,152.44,135.59
Jorge Soto,JorgeSoto_2014G,,M,Latino,L2,1614,681,2.369,8.09,136.54,123.08
Joseph Lekuton,JosephLekuton_2007G,38,M,Black,L2,923,321,2.878,6.56,146.08,126.98
Joseph Nye,JosephNye_2010G,73,M,White,US,2623,1092,2.402,6.58,158.1,140.35
Josette Sheeran,JosetteSheeran_2011G,57,F,White,US,2865,1147,2.498,6.62,212.37,213.33
Josh Luber,JoshLuber_2015S,37,M,White,US,1738,716,2.429,7.01,166.12,148.15
Joshua Foer,JoshuaFoer_2012,30,M,White,US,2976,1226,2.428,6.83,168.52,145.45
Joshua Prager,JoshuaPrager_2013,,M,White,US,2873,1111,2.587,6.58,165.9,134.45
Joshua Prince Ramus,JoshuaPrinceRamus_2009X,40,M,White,US,3174,1119,2.837,6.53,158.64,133.33
Joshua Smith,JoshuaSmith_2016S,,M,White,US,1692,750,2.255,8.28,178.41,163.27
JR,JR_2012,29,M,White,L2,893,388,2.299,6.66,177.26,175.82
Juan Enriquez,ShabanaBasijRasikh_2012X,57,M,Latino,US,2516,949,2.65,6.82,159.25,126.98
Julia Bacha,JuanEnriquez_2016T,36,F,Latino,L2,1624,752,2.16,8.36,199.47,197.53
Juliana Machado Ferreira,JuliaBacha_2016T,,F,Latino,L2,676,332,2.039,7.8,243.18,246.15
Juliana Rotich,JulianaMachadoFerreira_2010U,36,F,Black,L2,1433,574,2.497,7.34,193.22,173.91
Julian Baggini,JulianaRotich_2013G,43,M,White,Non-US,2095,723,2.898,6.17,190.33,163.27
Kakenya Ntaiya,JulianBaggini_2011X,34,F,Black,L2,2349,913,2.573,5.7,236.7,235.29
Kamal Meattle,KakenyaNtaiya_2012X,,M,Asian,L2,565,244,2.317,7.81,168.74,155.34
Karen Thompson Walker,KamalMeattle_2009U,,F,White,US,1988,688,2.892,7.2,172.37,153.85
Karima Bennoune,KarenThompsonWalker_2012G,,F,White,US,3093,1205,2.566,7.68,195.8,173.91
Karim Abouelnaga,KarimaBennoune_2014X,26,M,Black,US,1075,429,2.505,7.39,166.92,156.86
Kary Mullis,KarimAbouelnaga_2017U,65,M,White,US,761,269,2.827,6.69,132.76,111.89
Kate Adams,KaryMullis_2009,,F,White,US,1795,751,2.39,7.21,208.35,202.53
Kate Stone,KateAdams_2016S,,F,White,Non-US,1957,705,2.776,6.41,162.71,135.59
Katherine Fulton,KateStone_2013,,F,White,US,1842,748,2.462,7.08,206.85,200
Katie Bouman,KatherineFulton_2007,27,F,White,US,2412,775,3.112,6.84,257.08,262.3
Katie Hinde,KatieBouman_2016X,,F,White,US,1253,604,2.076,8.28,235.89,242.42
Keith Chen,KatieHinde_2016W,,M,Asian,US,2139,730,2.931,6.9,166.79,130.08
Keller Rinaudo,KeithChen_2012G,,M,White,US,1036,351,2.954,6.56,177.47,158.42
Ken Goldberg,KellerRinaudo_2013,51,M,White,US,2431,1026,2.369,6.87,207.19,183.91
Ken Kamler,KenGoldberg_2012X,,M,White,US,3482,1247,2.793,6.21,146.48,133.33
Kenneth Lacovara,KenKamler_2009P,55,M,White,US,2319,954,2.431,7.38,156.51,134.45
Keren Elazari,KennethLacovara_2016,33,F,White,L2,2176,999,2.178,7.86,219.56,222.22
Kevin Briggs,KerenElazari_2014,,M,White,US,1768,853,2.072,6.78,140.11,107.38
Kevin Kelly,KevinBriggs_2014,,M,White,Non-US,2798,989,2.828,6.47,162.39,139.13
Kevin Surace,KevinKelly_2009X,47,M,White,US,628,195,3.226,6.97,163.57,149.53
Khadija Gbla,KevinSurace_2009,,F,Black,Non-US,2828,1124,2.516,5.79,198.02,195.12
Kimberley Motley,KhadijaGbla_2014X,,F,Black,US,2336,931,2.51,6.98,177.14,170.21
Kiran Bedi,KimberleyMotley_2014G,61,F,Asian,L2,1588,524,3.031,6.1,230.27,228.57
Krista Donaldson,KiranBedi_2010W,40,F,White,Non-US,1749,596,2.937,6.66,256.73,235.29
Krista Tippett,KristaDonaldson_2013W,50,F,White,US,2314,950,2.436,7.5,251.26,228.57
Kristen Marhaver,KristaTippett_2010Z,33,F,White,US,2329,830,2.805,6.94,190.96,190.48
Kristina Gjerde,KristenMarhaver_2015Z,53,F,White,US,2611,943,2.768,7.44,236.14,222.22
Kwame Anthony Appiah,KristinaGjerde_2010Z,60,M,Black,US,2602,881,2.955,6.84,208.51,175.82
Lakshmi Pratury,KwameAnthonyAppiah_2014S,,F,Asian,L2,588,249,2.362,7.37,219.37,188.24
Lara Setrakian,LakshmiPratury_2007,35,F,White,US,1331,522,2.552,6.94,196.01,192.77
Larry Lessig,LaraSetrakian_2017S,53,M,White,US,1947,824,2.362,6.88,183.57,172.04
Larry Smith,LarryLessig_2014,,M,White,Non-US,2026,912,2.222,5.69,173.89,155.34
Latif Nasser,LarrySmith_2011X,29,M,White,US,1741,836,2.083,7.51,163.09,155.34
Laura Boushnak,LatifNasser_2015,38,F,Asian,L2,737,310,2.378,8.23,195.76,200
Laura Robinson,LauraBoushnak_2014U,,F,White,Non-US,2154,685,3.142,6.64,224.39,225.35
Laura Snyder,LauraRobinson_2014X,48,F,White,US,1653,755,2.191,8.29,193.89,179.78
Laurel Braitman,LauraSnyder_2012G,36,F,White,US,3152,1172,2.689,6.98,192.26,190.48
Laurie Santos,LaurelBraitman_2014S,35,F,Black,US,4434,1182,3.75,5.84,227.94,216.22
Leana Wen,LaurieSantos_2010G,31,F,Asian,US,2578,947,2.723,6.79,224.64,222.22
Lee Cronin,LeanaWen_2014P,,M,White,Non-US,465,184,2.533,7,188.37,168.42
Lee Smolin,LeeCronin_2012G,48,M,White,US,1843,745,2.473,6.74,174.7,163.27
Lemon Andersen,LeeSmolin_2003,36,M,White,US,1443,533,2.709,7.25,175.69,168.42
Lesley Hazleton,LemonAndersen_2011Y,68,F,White,Non-US,1544,825,1.871,7.81,163.84,136.75
Leslie Morgan Steiner,LesleyHazleton_2013G,,F,White,US,2232,957,2.333,6.75,209.65,207.79
Lewis Pugh,LeslieMorganSteiner_2012X,41,M,White,Non-US,1615,582,2.775,6.36,159.85,140.35
Leyla Acaroglu,LewisPugh_2010G,,F,White,Non-US,3176,1087,2.922,6.63,217.96,213.33
Lian Pin Koh,LeylaAcaroglu_2013,37,M,Asian,L2,2013,811,2.482,7.57,173.52,158.42
Linda Liukas,LianPinKoh_2013G,29,F,White,Non-US,1819,668,2.724,6.78,218.19,216.22
Lisa Genova,LindaLiukas_2015X,47,F,White,US,2038,840,2.426,7.06,223.8,225.35
Lisa Kristine,LisaGenova_2017,47,F,White,US,2504,1158,2.162,7.36,172.3,170.21
Liz Coleman,LisaKristine_2012X,,F,White,US,2211,1118,1.978,8.16,156.94,149.53
Loretta Napoleoni,LizColeman_2009,54,F,White,L2,2125,941,2.257,6.86,226.63,228.57
Louise Fresco,LorettaNapoleoni_2009G,57,F,White,L2,2778,1080,2.571,6.31,214.45,219.18
Louise Leakey,LouiseFresco_2009,36,F,White,Non-US,2164,930,2.327,6.63,242.62,258.06
Luca Turin,LouiseLeakey_2008,52,M,White,Non-US,2619,953,2.748,6.73,142.25,120.3
Maajid Nawaz,LucaTurin_2005,34,M,Asian,Non-US,2871,1070,2.684,6.99,196.53,190.48
Mae Jemison,MaajidNawaz_2011G,46,F,Black,US,3578,1285,2.784,6.89,189.8,188.24
Magda Sayeg,MaeJemison_2002,,F,White,Non-US,976,334,2.921,6.67,222.14,216.22
Magnus Larsson,MagdaSayeg_2015Y,39,M,White,L2,1782,700,2.545,7.33,162.89,150.94
Maira Kalman,MagnusLarsson_2009G,58,F,White,US,3249,1051,3.093,6.38,196.73,183.91
Majora Carter,MairaKalman_2007,44,F,Black,US,2961,1076,2.751,7.38,193.03,186.05
Malcolm Gladwell,MajoraCarter_2010X,50,M,Black,US,2506,941,2.664,6.55,139.36,130.08
Malcolm London,MalcolmGladwell_2013S,20,M,Black,US,352,180,1.954,8,191.38,192.77
Malte Spitz,MalcolmLondon_2013S,28,M,White,Non-US,1207,607,1.988,5.86,185.35,158.42
Manal Al Sharif,MalteSpitz_2012G,34,F,Asian,L2,2008,857,2.344,6.72,225.54,235.29
Manuel Lima,ManalAlSharif_2013G,37,M,White,L2,1986,774,2.568,7.61,164.83,139.13
Manu Prakash,ManuelLima_2015,,M,Asian,Non-US,1410,561,2.512,7.06,178.17,158.42
Marc Abrahams,ManuPrakash_2012G,,M,White,US,1759,797,2.207,6.69,186.5,146.79
Marcin Jakubowski,MarcAbrahams_2014P,39,M,White,L2,527,248,2.128,8.6,145.07,117.65
Marc Koska,MarcinJakubowski_2011U,48,M,White,Non-US,778,282,2.756,6.9,165.43,136.75
Marc Kushner,MarcKoska_2009G,37,M,White,US,2493,1089,2.289,6.79,164.94,153.85
Marc Pachter,MarcKushner_2014,65,M,White,US,3342,1252,2.67,6.14,152.53,144.14
Marcus Byrne,MarcPachter_2008P,,M,White,Non-US,2793,1026,2.723,5.95,151.03,142.86
Margaret Heffernan,MarcusByrne_2012X,60,F,White,Non-US,2027,952,2.13,7.32,210.5,202.53
Margaret Wertheim,MargaretHeffernan_2015W,51,F,White,Non-US,2696,928,2.906,6.64,214.88,210.53
Marian Bantjes,MargaretWertheim_2009,47,F,White,Non-US,2278,985,2.312,6.93,236.24,253.97
Mark Kendall,MarianBantjes_2010,,M,White,Non-US,2020,831,2.431,6.84,168.05,126.98
Mark Plotkin,MarkKendall_2013G,59,M,White,US,2510,995,2.522,7.12,126.54,109.59
Mark Roth,MarkPlotkin_2014G,59,M,White,US,2841,1090,2.606,6.52,173.63,168.42
Marlene Zuk,MarkRoth_2010,59,F,White,US,1744,722,2.414,6.95,226.2,219.18
Martin Jacques,MarleneZuk_2015W,65,M,White,Non-US,2960,1287,2.299,6.75,142.35,125
Martin Pistorius,MartinJacques_2010S,40,M,White,Non-US,2097,852,2.46,6.64,141.58,118.52
Martin Rees,MartinPistorius_2015X,63,M,White,Non-US,2599,1046,2.485,7.6,148.01,141.59
Martin Reeves,MartinRees_2005G,35,M,White,Non-US,1922,899,2.139,7.68,170.86,152.38
Martin Seligman,MartinReeves_2016S,62,M,White,US,3249,1422,2.285,6.45,137.63,105.96
Mary Bassett,MartinSeligman_2004,,F,Black,US,1580,834,1.895,8.36,190.87,179.78
Mary Roach,MaryBassett_2015P,50,F,White,US,2263,997,2.269,6.98,218.98,225.35
Mary Robinson,MaryRoach_2009,71,F,White,Non-US,2848,1306,2.18,7.08,219.95,200
Matt Cutts,MaryRobinson_2015W,38,M,White,US,471,204,2.309,6.44,181.06,170.21
Matthew Carter,MattCutts_2011U,77,M,White,Non-US,2357,962,2.451,7.06,193.72,160
Matthew Williams,MatthewCarter_2014,,M,White,Non-US,1373,856,1.603,7.28,173.02,166.67
Matthieu Ricard,MatthewWilliams_2015X,68,M,White,L2,2189,972,2.253,6.93,164.14,155.34
Matt Ridley,MatthieuRicard_2014G,52,M,White,Non-US,2968,983,3.018,6.57,171.55,158.42
Maurizio Seracini,MattRidley_2010G,66,M,White,Non-US,1872,751,2.493,7.47,201.65,190.48
Mechai Viravaidya,MaurizioSeracini_2012G,69,M,Asian,Non-US,2363,828,2.855,6.37,160.42,146.79
Meera Vijayann,MechaiViravaidya_2010X,,F,Asian,Non-US,2024,843,2.401,7.2,259.64,242.42
Mellody Hobson,MeeraVijayann_2014X,45,F,Black,US,2287,855,2.675,6.69,214.42,216.22
Memory Banda,MellodyHobson_2014,19,F,Black,L2,1410,762,1.85,5.97,246.74,242.42
Mia Birdsong,MemoryBanda_2015W,,F,Black,US,2199,921,2.388,7.18,213.61,202.53
Michael Anti,MiaBirdsong_2015W,,M,Asian,L2,2334,1129,2.068,6.73,221.86,210.53
Michael Bierut,MichaelAnti_2012G,60,M,White,US,2419,750,3.223,6.06,169.42,139.13
Michael Hansmeyer,MichaelBierut_2017S,,M,White,Non-US,1692,664,2.547,6.98,152.81,125
Michael Merzenich,MichaelHansmeyer_2012G,62,M,White,US,4029,1387,2.904,6.83,172.38,158.42
Michael Patrick Lynch,MichaelMerzenich_2004,,M,White,US,2046,870,2.351,6.59,173.19,158.42
Michael Pawlyn,MichaelPatrickLynch_2017,43,M,White,Non-US,2718,823,3.302,7.45,163.02,146.79
Michael Pollan,MichaelPawlyn_2010S,52,M,White,US,2876,1046,2.75,6.83,158.08,125.98
Michael Porter,MichaelPollan_2007,66,M,White,US,2090,988,2.115,6.46,245.23,225.35
Michael Shellenberger,MichaelPorter_2013G,45,M,White,US,2548,842,3.025,6.59,162.46,132.23
Michel Laberge,MichaelShellenberger_2016T,,M,White,L2,2432,770,3.157,6.13,179.27,168.42
Michelle Obama,MichelLaberge_2014,45,F,Black,US,1571,705,2.23,6.61,188.36,190.48
Mick Cornett,MichelleObama_2009P,55,M,White,US,2265,916,2.474,7.19,173,150.94
Mick Ebeling,MickCornett_2013P,38,M,White,US,1431,466,3.068,6.61,156.38,130.08
Mick Mountz,MickEbeling_2011A,46,M,White,US,2136,731,2.923,6.68,172.2,155.34
Mihaly Csikszentmihalyi,MickMountz_2011X,70,M,White,Non-US,2325,1135,2.048,7.22,154.01,131.15
Mike Rowe,MihalyCsikszentmihalyi_2004,46,M,White,US,3473,1195,2.906,6.27,138.05,114.29
Mikko Hypponen,MikeRowe_2008P,44,M,White,Non-US,2676,1158,2.311,6.62,185.08,168.42
Milton Glaser,MikkoHypponen_2013X,69,M,White,US,2087,908,2.299,6.89,168.97,139.13
Miru Kim,MiltonGlaser_1998,27,F,Asian,US,1860,863,2.156,7.61,194.47,207.79
Mitchell Joachim,MiruKim_2008P,38,M,White,US,461,174,2.656,8.21,160.23,140.35
Mitch Resnick,MitchellJoachim_2010,56,M,White,US,2592,1006,2.578,6.49,163.39,163.27
Mohamed Ali,MitchResnick_2012X,42,M,Black,L2,1291,542,2.383,6.98,155.35,152.38
Molly Stevens,MohamedAli_2013Z,,F,White,Non-US,2641,892,2.96,6.84,223.7,222.22
Mona Chalabi,MollyStevens_2013G,,F,Asian,Non-US,2358,709,3.325,7.02,214,202.53
Monica Byrne,MonaChalabi_2017S,35,F,White,US,1541,763,2.02,6.55,191.19,188.24
Monica Lewinsky,MonicaByrne_2016,42,F,White,US,2431,1351,1.8,7.56,197.36,197.53
Moshe Safdie,MonicaLewinsky_2015,76,M,White,Non-US,703,350,2.008,7.4,166.56,142.86
Moshe Szyf,MosheSafdie_2014U,,M,White,Non-US,2296,999,2.298,6.68,167.49,153.85
Mundano,MosheSzyf_2016X,,M,White,L2,616,326,1.887,8.53,175.52,175.82
Murray Gell Mann,Mundano_2014U,78,M,White,US,315,136,2.324,7.44,142.65,104.58
Nadia Lopez,MurrayGellMannLANGUAGE_2007,32,F,Black,US,769,434,1.77,7.96,221.15,235.29
Nadine Burke Harris,NadiaLopez_2015P,39,F,Black,US,2073,963,2.153,7.62,198.71,179.78
Nalini Nadkarni,NadineBurkeHarris_2014P,,F,Asian,US,774,304,2.546,8.1,229.32,231.88
Nancy Etcoff,NaliniNadkarni_2010U,49,F,White,US,2503,858,2.917,7.12,202.13,195.12
Nancy Lublin,NancyEtcoff_2004,44,F,White,US,1362,583,2.335,7.02,233.12,235.29
Naomi Klein,NancyLublin_2015W,40,F,White,US,2956,1220,2.424,7.84,213.32,216.22
Naomi Oreskes,NaomiKlein_2010W,56,F,White,US,3242,1155,2.808,6.59,217.37,219.18
Natalie Panek,NaomiOreskes_2014S,,F,White,Non-US,1550,620,2.502,7.76,206.41,200
Nate Silver,NataliePanek_2015X,31,M,White,US,1810,626,2.89,6.66,213.32,160
Nathalie Cabrol,NateSilver_2009,,F,White,L2,2532,966,2.621,6.38,226.9,235.29
Nathan Myhrvold,NathalieCabrol_2015,52,M,White,US,1820,602,3.023,6.46,208.61,202.53
Navi Radjou,NathanMyhrvold_2011U,44,M,Asian,L2,2149,989,2.173,7.84,163.71,153.85
Negin Farsad,NaviRadjou_2014G,38,F,Asian,US,1288,490,2.631,7.44,271.71,275.86
Neil Burgess,NeginFarsad_2016U,,M,White,Non-US,1667,540,3.088,6.7,172.61,160
Neil Mac Gregor,NeilBurgess_2011S,65,M,White,Non-US,2778,1174,2.367,6.9,164.95,145.45
Neri Oxman,NeilMacGregor_2011G,39,F,White,Non-US,2285,1057,2.163,7.82,218.36,231.88
Nicholas Christakis,NeriOxman_2015,48,M,White,US,3291,1091,3.017,6.56,205.93,197.53
Nick Bostrom,NicholasChristakis_2010,42,M,White,L2,2519,995,2.531,7.33,150.78,129.03
Nick Hanauer,NickBostrom_2015,55,M,White,US,2536,1227,2.068,7.34,166.33,152.38
Nic Marks,NickHanauer_2014S,,M,White,Non-US,2773,1006,2.756,6.42,159.39,150.94
Niels Diffrient,NicMarks_2010G,74,M,White,US,2190,1040,2.106,6.13,122.62,101.27
Nina Fedoroff,NielsDiffrient_2002,74,F,White,US,1945,915,2.126,7.62,229,228.57
Nina Jablonski,NinaFedoroff_2016X,56,F,White,US,1862,883,2.11,7.1,208.36,205.13
Nina Tandon,NinaJablonski_2009,,F,Asian,US,1049,376,2.787,7.35,222.58,222.22
Nirmalya Kumar,NinaTandon_2012G,52,M,Asian,L2,2492,909,2.741,7.01,167.01,166.67
Nizar Ibrahim,NirmalyaKumar_2012X,32,M,White,Non-US,887,366,2.423,7.31,168.18,149.53
Noah Feldman,NizarIbrahim_2014Y,33,M,White,US,2765,901,3.068,7.13,205.47,170.21
Noreena Hertz,NoahFeldman_2003,43,F,White,Non-US,2053,1095,1.874,8.08,212.55,219.18
Norman Foster,NoreenaHertz_2010S,72,M,White,Non-US,4146,1917,2.162,7.27,176.3,163.27
Olafur Eliasson,NormanFoster_2007P,42,M,White,Non-US,1639,571,2.872,6.17,149.35,145.45
Ole Scheeren,OlafurEliasson_2009,44,M,White,Non-US,2480,991,2.504,7.75,176.86,160
Omar Ahmad,OleScheeren_2015G,51,M,Asian,US,1067,365,2.927,6.43,181.37,170.21
Ory Okolloh,OmarAhmad_2010U,,F,Black,L2,2728,992,2.75,6.22,187.05,173.91
Paddy Ashdown,OryOkolloh_2007G,,M,White,Non-US,3109,1106,2.81,7.03,205.61,188.24
Paola Antonelli,PaddyAshdown_2011X,50,F,White,L2,3254,1112,2.925,6.71,197.55,192.77
Parag Khanna,PaolaAntonelli_2013S,39,M,Asian,US,2774,1239,2.24,7.6,164.86,148.15
Pardis Sabeti,ParagKhanna_2016,40,F,Asian,L2,1736,581,2.986,7.04,193.9,192.77
Parul Sehgal,PardisSabeti_2015W,,F,Asian,US,1911,791,2.416,7.04,172.96,166.67
Patricia Burchat,ParulSehgal_2013S,50,F,White,US,2887,963,2.997,6.23,223.22,225.35
Patricia Ryan,PatriciaBurchat_2008,,F,White,Non-US,1361,632,2.154,6.68,192.14,183.91
Patrick Awuah,PatriciaRyan_2010X,42,M,Black,Non-US,2158,1051,2.054,6.69,141.24,120.3
Patrick Chappatte,PatrickAwuah_2007G,43,M,Asian,L2,1586,749,2.116,6.34,185.7,179.78
Pattie Maes,PatrickChappatte_2010G,48,F,White,L2,1144,522,2.191,7.22,214.52,216.22
Paula Hammond,PattieMaes_2009,,F,Black,US,1391,647,2.151,7.25,214.77,216.22
Paula Johnson,PaulaHammond_2015P,54,F,Black,US,1883,882,2.134,6.51,192.46,190.48
Paula Scher,PaulaJohnson_2013W,60,F,White,US,3595,1308,2.748,6.55,191.69,181.82
Paul Bennett,PaulaScher_2008P,,M,White,Non-US,2473,848,2.916,6.55,140.35,108.84
Paul Collier,PaulBennett_2005G,60,M,White,Non-US,2041,991,2.06,6.63,173.6,140.35
Paul Conneally,PaulCollier_2009S,52,M,White,Non-US,1521,654,2.326,8.11,135.42,120.3
Paul Ewald,PaulConneally_2011X,,M,White,US,3449,1066,3.235,6.48,149.32,120.3
Paul Gilding,PaulEwald_2007,,M,White,Non-US,2347,1003,2.339,6.89,156.82,131.15
Paul Greenberg,PaulGilding_2012,,M,White,US,2689,869,3.095,6.77,156.43,139.13
Paul Knoepfler,PaulGreenberg_2015Z,48,M,White,US,2732,1103,2.477,6.47,154.86,134.45
Paul Moller,PaulKnoepfler_2015X,68,M,White,US,2571,939,2.738,6.73,146.44,100
Paul Pholeros,PaulMoller_2004,60,M,White,Non-US,2636,1059,2.489,6.51,144.38,116.79
Paul Romer,PaulPholeros_2013X,56,M,White,US,1574,550,2.86,6.93,166.67,148.15
Paul Rothemund,PaulRomer_2011U,104,M,White,US,3264,984,3.316,6.3,157.01,142.86
Paul Stamets,PaulRothemund_2008,53,M,White,US,2751,1058,2.599,7.77,152.16,142.86
Paul Tudor Jones,PaulStamets_2008,61,M,White,US,1382,595,2.321,7.38,164.39,144.14
Paul Zak,PaulTudorJones_2015,49,M,White,US,2732,991,2.756,6.49,159.77,126.98
Pavan Sukhdev,PaulZak_2011G,51,M,Asian,Non-US,2976,988,3.013,7.23,140.9,114.29
Peggy Orenstein,PavanSukhdev_2011G,55,F,White,US,2260,1024,2.207,7.67,174.95,168.42
Penelope Boston,PeggyOrenstein_2016W,,F,White,US,3348,1103,3.035,7.03,223.95,219.18
Peter Attia,PenelopeBoston_2006,40,M,White,Non-US,2413,958,2.518,7.03,145.97,109.59
Peter Donnelly,PeterAttia_2013P,46,M,White,Non-US,4005,1280,3.128,6.17,153.81,142.86
Peter Eigen,PeterDonnelly_2005G,71,M,White,L2,2246,969,2.317,7.41,147.76,139.13
Peter Haas,PeterEigen_2009X,,M,White,US,957,507,1.888,7.68,145.19,120.3
Peter Norvig,PeterHaas_2010G,56,M,White,US,963,368,2.614,7.29,143.98,112.68
Peter Reinhart,PeterNorvig_2012U,,M,White,US,2823,927,3.045,6.15,156.29,134.45
Peter Saul,PeterReinhart_2008P,77,M,White,Non-US,2444,797,3.068,6.49,128.28,111.11
Phil Hansen,PeterSaul_2011X,,M,White,US,1578,601,2.625,7.05,169.96,146.79
Philip Evans,PhilHansen_2013,,M,White,Non-US,2243,838,2.677,7.56,178.48,163.27
Philip Zimbardo,PhilipEvans_2013S,78,M,White,US,696,283,2.456,8.32,162.92,146.79
Phil Plait,PhilipZimbardo_2011,47,M,White,US,2566,853,3.008,6.21,177.71,163.27
Pia Mancini,PhilPlait_2011X,,F,White,L2,1703,808,2.108,7.27,196.87,195.12
Pico Iyer,PiaMancini_2014G,59,M,Asian,Non-US,1244,610,2.04,6.98,164.76,148.15
Prosanta Chakrabarty,PicoIyer_2016T,38,M,Asian,US,757,293,2.58,7.31,144.81,114.29
Quyen Nguyen,ProsantaChakrabarty_2016U,59,F,Asian,US,2447,965,2.535,6.52,232.56,231.88
Rachel Armstrong,QuyenNguyen_2011P,,F,White,Non-US,1174,449,2.615,7.1,207.67,205.13
Rachel Sussman,RachelArmstrong_2009G,35,F,White,US,2330,845,2.757,7.24,180.16,175.82
Rajesh Rao,RachelSussman_2010G,41,M,Asian,Non-US,2997,1018,2.944,6.37,199.22,192.77
Raj Panjabi,RajeshRao_2011,,M,Asian,US,3151,1235,2.552,6.74,169.32,158.42
Ramanan Laxminarayan,RajPanjabi_2017,,M,Asian,L2,2385,886,2.692,7.28,168.99,155.34
Ray Anderson,RamananLaxminarayan_2014P,,M,White,US,2082,949,2.195,7.55,156.28,150.94
Ray Kurzweil,RayAnderson_2009,66,M,White,US,1640,593,2.766,7.18,150.07,131.15
Raymond Wang,RayKurzweil_2014,,M,Asian,Non-US,1151,392,2.933,6.95,187.15,177.78
Ray Zahab,RaymondWang_2015Y,40,M,Asian,US,1005,354,2.842,7.02,197.06,197.53
Read Montague,RayZahab_2009,52,M,White,US,2517,800,3.146,6.82,161.51,140.35
Rebecca MacKinnon,ReadMontague_2012G,47,F,White,US,1575,721,2.185,8.21,173.36,160
Rebecca Onie,RebeccaMacKinnon_2016T,35,F,White,US,2662,991,2.686,7.01,222.44,222.22
Richard Dawkins,RebeccaOnie_2012P,64,M,White,Non-US,3245,1317,2.465,7.49,136.29,115.11
Richard Sears,RichardDawkins_2005G,,M,White,US,1123,409,2.747,6.57,183.64,177.78
Richard Seymour,RichardSears_2010U,32,M,White,Non-US,3160,1032,3.061,6.09,132.5,115.94
Richard Weller,RichardSeymour_2011S,,M,White,Non-US,2240,776,2.885,6.64,154.33,140.35
Richard Wilkinson,RichardWeller_2012X,,M,White,Non-US,2444,1011,2.417,6.84,183.35,140.35
Rich Benjamin,RichardWilkinson_2011G,,M,Black,US,1450,786,1.846,7.58,168.27,132.23
Rick Falkvinge,RichBenjamin_2015W,,M,White,L2,2417,1102,2.194,6.37,152.73,144.14
Rick Warren,RickFalkvinge_2013X,52,M,White,US,3425,1262,2.713,5.75,145.28,125.98
Robb Willer,RickWarren_2006,39,M,White,US,1844,725,2.542,6.63,151.48,134.45
Robert Ballard,RobbWiller_2016X,66,M,White,US,3281,1093,3.001,6.66,147.08,125.98
Robert Gordon,RobertBallard_2008,,M,White,US,1836,734,2.5,7.3,168.99,152.38
Robert Hammond,RobertGordon_2013,30,M,White,US,991,338,2.931,6.91,167.17,141.59
Robert Muggah,RobertHammond_2011U,40,M,White,US,2306,892,2.584,7.94,150.78,142.86
Robert Neuwirth,RobertMuggah_2014G,,M,White,US,1933,746,2.59,7.4,158.32,133.33
Robert Palmer,RobertNeuwirth_2012G,,M,White,Non-US,1049,469,2.236,7.86,142.73,114.29
Robert Swan,RobertPalmer_PanamaPapers_2016V,58,M,White,Non-US,1746,966,1.807,6.68,191.02,200
Rob Hopkins,RobertSwan_2014G,,M,White,Non-US,3078,997,3.087,7.02,151.56,130.08
Robin Chase,RobHopkins_2009G,,F,White,US,1944,741,2.623,6.77,224.3,216.22
Robin Ince,RobinChase_2012G,42,M,White,Non-US,1378,515,2.676,6.28,187.64,166.67
Robin Morgan,RobinInce_2011G,74,F,White,US,1324,721,1.836,8.26,186.52,166.67
Robin Murphy,RobinMorgan_2015W,,F,White,US,1361,543,2.506,7.09,192.9,183.91
Rob Knight,RobinMurphy_2015W,,M,White,Non-US,3238,1048,3.089,6.81,162.25,121.21
Rob Reid,RobKnight_2014,46,M,White,US,678,308,2.202,8,168.04,145.45
Rodney Brooks,RobReid_2012,59,M,White,Non-US,1784,596,2.991,6.52,165.61,142.86
Ron Eglash,RodneyBrooks_2013,49,M,White,US,3077,1011,3.043,6.89,157.06,139.13
Ron Finley,RonEglash_2007G,,M,Black,US,1420,643,2.21,6.46,191.9,173.91
Ronny Edry,RonFinley_2013,,M,White,L2,2072,894,2.318,5.67,163.31,155.34
Rory Bremner,RonnyEdry_2012X,48,M,White,Non-US,2410,878,2.746,6.23,162.06,139.13
Rory Stewart,RoryBremner_2009G,39,M,White,Non-US,1935,818,2.365,7.5,166.17,149.53
Rory Sutherland,RoryStewart_2012X,,M,White,Non-US,3054,1101,2.774,6.95,203.3,166.67
Rose George,RorySutherland_2011X,,F,White,Non-US,2227,842,2.646,6.85,222.48,225.35
Rose Goslinga,RoseGeorge_2013,,F,White,US,1449,605,2.397,6.94,196.02,195.12
Rosie King,RoseGoslinga_2014S,16,F,White,Non-US,960,373,2.576,6.23,225.25,225.35
Ross Lovegrove,RosieKing_2014P,47,M,White,Non-US,3298,1170,2.818,6.68,135.87,112.68
Roxane Gay,RossLovegrove_2005,41,F,Black,US,1748,692,2.525,7.03,184.61,177.78
Roz Savage,RoxaneGay_2015W,43,F,White,Non-US,3060,1038,2.949,6.51,226.41,210.53
Ruby Wax,RozSavage_2010Z,59,F,White,US,1432,521,2.746,6.43,229.54,219.18
Russ Altman,RubyWax_2012G,,M,White,US,2532,885,2.86,6.33,184.83,160
Russell Foster,RussAltman_2015P,54,M,White,Non-US,3444,1307,2.636,6.64,184.18,149.53
Rutger Bregman,RussellFoster_2013G,29,M,White,L2,2261,902,2.506,7.18,160.11,137.93
Ruth Chang,RutgerBregman_2017,,F,Asian,US,2074,882,2.352,6.15,227.1,231.88
Ryan Gravel,RuthChang_2014S,,M,White,US,1777,691,2.573,7.31,133.67,96.97
Ryan Merkley,RyanGravel_2016S,,M,White,Non-US,720,262,2.746,6.81,169.44,114.29
Sally Kohn,RyanMerkley_2012G,36,F,White,US,846,360,2.351,6.85,217.22,219.18
Samantha Nutt,SallyKohn_2013S,46,F,White,Non-US,1965,819,2.4,7.06,228.7,231.88
Samantha Power,SamanthaNutt_2015P,38,F,White,Non-US,4117,1383,2.977,7.04,163.67,155.34
Sam Harris,SamanthaPower_2008,49,M,White,US,2240,872,2.569,6.8,155.55,130.08
Sam Kass,SamHarris_2016T,35,M,White,US,1641,732,2.241,6.79,170.47,158.42
Sam Martin,SamKass_2015P,,M,White,US,810,264,3.065,7,163.15,146.79
Sam Richards,SamMartin_2009G,50,M,White,US,2758,1084,2.544,5.71,152.79,140.35
Samuel Cohen,SamRichards_2010X,,M,White,Non-US,1116,477,2.339,7.31,129.25,108.84
Sandi Toksvig,SamuelCohen_2015S,58,F,White,L2,2960,1176,2.517,6.33,223.66,216.22
Sanford Biggers,SandiToksvig_2016W,46,M,Black,US,625,264,2.372,9.02,160.15,123.08
Sangeeta Bhatia,SanfordBiggers_2016U,47,F,Asian,US,1584,647,2.447,7.04,219.92,219.18
Sarah Bergbreiter,SangeetaBhatia_2015P,,F,White,US,1121,371,3.025,7.02,219.64,216.22
Sarah Gray,SarahBergbreiter_2014Y,25,F,White,US,1593,622,2.563,7.22,235.77,235.29
Sarah Lewis,SarahGray_2015P,,F,Black,US,1758,701,2.506,7.58,215.51,210.53
Sarah Parcak,SarahLewis_2014,33,F,White,US,814,317,2.568,7.4,222.47,216.22
Saul Griffith,SarahParcak_2012U,35,M,White,Non-US,904,319,2.835,7.59,143.82,129.03
Sayu Bhojwani,SaulGriffith_2009,49,F,Asian,US,1707,767,2.226,6.97,164.89,148.15
Scilla Elworthy,SayuBhojwani_2016S,69,F,White,Non-US,1780,944,1.885,7.04,199.7,183.91
Scott Fraser,ScillaElworthy_2012X,,M,White,US,2460,1103,2.229,7.16,203.11,188.24
Scott Kim,ScottFraser_2012X,53,M,Asian,US,2188,707,3.096,6.18,143.72,132.23
Sean Carroll,ScottKim_2008P,44,M,White,US,2983,951,3.137,6.16,171.94,161.62
Sebastian Junger,SeanCarroll_2010X,53,M,White,US,1876,812,2.31,6.65,154,144.14
Sebastian Seung,SebastianJunger_2015P,44,M,Asian,US,2644,1162,2.275,6.76,153.34,141.59
Sebastiao Salgado,SebastianSeung_2010G,69,M,White,L2,1992,1013,1.966,6.3,176.98,153.85
Seth Berkley,SebastiaoSalgado_2013,59,M,White,US,936,442,2.119,7.63,164.43,146.79
Seth Godin,SethBerkley_2015,,M,White,US,2902,1043,2.782,6.18,189.34,188.24
Seyi Oyesola,SethGodin_2009,,M,Black,Non-US,2150,863,2.492,6.28,164.08,161.62
Shabana Basij-Rasikh,SeyiOyesola_2007G,,F,White,L2,1037,573,1.809,6.49,187.86,188.24
Shai Agassi,ShaiAgassi_2009,41,M,White,L2,3403,1080,3.151,6.06,149.73,145.45
Shai Reshef,ShaiReshef_2014,,M,White,L2,1272,652,1.95,7.44,164.63,152.38
Shaka Senghor,ShakaSenghor_2014,,M,Black,US,1676,721,2.325,7.07,173.54,137.93
Shane Koyczan,ShaneKoyczan_2013,37,M,White,Non-US,1930,721,2.678,6.62,167.91,148.15
Sharon Brous,SharonBrous_2016W,43,F,White,US,2507,991,2.529,7.23,225.8,235.29
Shashi Tharoor,ShashiTharoor_2009I,53,M,Asian,Non-US,3113,1070,2.908,7.45,168.5,153.85
Shea Hembrey,SheaHembrey_2011,37,M,White,US,2799,1005,2.786,6.59,178.65,166.67
Sheena Iyengar,SheenaIyengar_2011S,,F,Asian,US,2594,962,2.696,6.57,240.31,250
Sherry Turkle,SherryTurkle_2012,64,F,White,US,2562,1185,2.162,6.29,230.55,235.29
Sherwin Nuland,SherwinNuland_2003,73,M,White,US,1755,757,2.319,7.01,179.12,125
Sheryl Sandberg,SherylSandberg_2010W,41,F,White,US,2667,895,2.98,6.17,209.16,202.53
Shigeru Ban,ShigeruBan_2013X,56,M,Asian,L2,1806,703,2.569,6.74,147.92,131.15
Shirin Neshat,ShirinNeshat_2010W,53,F,White,L2,1394,641,2.175,7.03,213.03,222.22
Shivani Siroya,ShivaniSiroya_2016U,,F,Asian,US,1201,495,2.426,6.92,249.52,262.3
Shlomo Benartzi,ShlomoBenartzi_2011S,,M,White,L2,2440,1062,2.298,5.99,171.7,156.86
Shonda Rhimes,ShondaRhimes_2016,46,F,Black,US,3050,1128,2.703,5.92,166.13,158.42
Siddhartha Roy,SiddharthaRoy_2016X,62,M,Asian,Non-US,1895,878,2.159,8.33,159.75,155.34
Siegfried Woldhek,SiegfriedWoldhek_2008,57,M,White,L2,665,258,2.578,6.49,144.84,125
Simon Anholt,SimonAnholt_2016X,,M,White,Non-US,2504,900,2.783,6.65,146.32,136.75
Simon Sinek,SimonSinek_2014,41,M,White,Non-US,1969,719,2.739,6.68,163.07,140.35
Sir Ken Robinson,SirKenRobinson_2006,56,M,White,Non-US,3105,1165,2.664,6.28,158.78,132.23
Sisonke Msimang,SisonkeMsimang_2016W,,F,Black,Non-US,1948,770,2.529,6.85,206.16,200
Siyanda Mohutsiwa,SiyandaMohutsiwa_2016,23,F,Black,Non-US,1914,867,2.209,7.49,214.1,210.53
Skylar Tibbits,SkylarTibbits_2013U,,M,White,US,1257,503,2.5,7.49,169.55,153.85
Sonia Shah,SoniaShah_2013G,44,F,Asian,US,2547,918,2.775,6.58,212.78,207.79
Spencer Wells,SpencerWells_2007G,38,M,White,US,3975,1248,3.186,6.95,148.24,114.29
Srdja Popovic,SrdjaPopovic_2011X,38,M,White,L2,1995,720,2.77,7.02,153.58,132.23
Stacy Smith,StacySmith_2016W,,F,White,US,2133,948,2.25,6.99,210.5,210.53
Stefan Larsson,StefanLarsson_2013S,,M,White,L2,1888,776,2.432,6.84,165.78,153.85
Stefano Mancuso,StefanoMancuso_2010G,45,M,White,L2,1879,827,2.272,6.7,173.07,168.42
Stefan Wolff,StefanWolff_2010G,41,M,White,L2,2150,1052,2.043,7.88,164.21,156.86
Stella Young,StellaYoung_2014X,32,F,White,Non-US,1322,557,2.375,6.46,223.3,216.22
Stephanie Busari,StephanieBusari_2017S,40,F,Black,Non-US,891,391,2.281,6.9,201.07,205.13
Stephen Burt,StephenBurt_2013G,42,M,White,US,1899,793,2.396,6.93,198.67,190.48
Stephen Cave,StephenCave_2013X,,M,White,Non-US,2447,933,2.622,6.93,165.86,155.34
Stephen Friend,StephenFriend_2014,,M,White,US,1634,640,2.554,7.05,166.19,139.13
Stephen Palumbi,StephenPalumbi_2010Z,54,M,White,US,2656,940,2.826,6.61,189.16,136.75
Stephen Petranek,StephenPetranek_2015,,M,White,US,2689,1039,2.588,6.63,149.46,125.98
Stephen Wilkes,StephenWilkes_2016,59,M,White,US,1890,761,2.484,7.06,156.4,122.14
Steve Howard,SteveHoward_2013G,37,M,White,Non-US,2280,798,2.856,6.68,176.5,125
Steven Cowley,StevenCowley_2009G,50,M,White,Non-US,1643,592,2.777,6.06,167.03,155.34
Steven Levitt,StevenLevitt_2004,37,M,White,US,3947,1275,3.095,6.4,169.98,155.34
Steven Wise,StevenWise_2015,63,M,White,US,2332,862,2.706,6.92,157.97,146.79
Steve Silberman,SteveSilberman_2015,,M,White,US,1883,833,2.262,8.42,164.57,148.15
Steve Truglia,SteveTruglia_2009G,47,M,White,Non-US,2837,871,3.259,6.35,170.68,152.38
Stuart Firestein,StuartFirestein_2013,,M,White,US,3559,1113,3.196,6.38,154.02,133.33
Sue Klebold,SueKlebold_2016P,67,F,White,US,2034,922,2.206,6.97,190.87,195.12
Suheir Hammad,SuheirHammad_2010W,37,F,Asian,L2,639,350,1.826,7.07,201.29,213.33
Suki Kim,SukiKim_2015,,F,Asian,L2,1474,757,1.947,7.07,211.68,222.22
Sunitha Krishnan,SunithaKrishnan_2009I,37,F,Asian,L2,1526,759,2.011,6.84,282.93,290.91
Sunni Brown,SunniBrown_2011,,F,White,US,961,347,2.767,7.75,249.77,250
Susan Blackmore,SusanBlackmore_2008,57,F,White,Non-US,3109,1168,2.662,6.12,185.79,173.91
Susan Cain,SusanCain_2012,44,F,White,US,3240,1141,2.84,6.93,204.27,205.13
Susan Lim,SusanLim_2010P,,F,Asian,L2,1876,983,1.909,7.88,198.15,202.53
Suzana Herculano Houzel,SuzanaHerculanoHouzel_2013G,41,F,Latino,L2,2372,812,2.922,6.44,230.34,225.35
Suzanne Barakat,SuzanneBarakat_2016W,,F,White,US,2196,893,2.459,7.52,181.22,186.05
Suzanne Simard,SuzanneSimard_2016T,,F,White,US,2649,1103,2.401,7.02,206.06,207.79
Svante Paabo,SvantePaabo_2011G,56,M,White,L2,2576,1019,2.529,6.54,145.26,117.65
Sylvia Earle,SylviaEarle_2009,74,F,White,US,2538,1088,2.332,7.07,153.53,149.53
Tabetha Boyajian,TabethaBoyajian_2016,36,F,White,US,2010,831,2.42,6.97,223.66,231.88
Taiye Selasi,TaiyeSelasi_2014G,35,F,Black,US,2249,968,2.323,7.19,168.64,160
Takaharu Tezuka,TakaharuTezuka_2014X,50,M,Asian,L2,941,591,1.591,5.9,173,166.67
Tal Danino,TalDanino_2015U,,M,White,US,663,255,2.6,8.57,142.57,119.4
Tali Sharot,TaliSharot_2012,,F,White,Non-US,2677,1057,2.532,6.57,216.74,207.79
Talithia Williams,TalithiaWilliams_2014X,,F,Black,US,2669,1027,2.598,6.22,236.28,242.42
Tania Simoncelli,TaniaSimoncelli_2014X,,F,Asian,US,2675,1090,2.455,7.41,194.65,192.77
Tavi Gevinson,TaviGevinson_2012X,16,F,White,US,1091,447,2.439,7.6,211.16,210.53
Taylor Wilson,TaylorWilson_2013,19,M,White,US,2134,774,2.759,6.82,181.09,164.95
Teddy Cruz,TeddyCruz_2013G,51,M,Latino,L2,1769,794,2.227,8.22,191.92,153.85
Terry Moore,TerryMoore_2012,,M,White,US,494,234,2.113,7.9,153.6,132.23
Thandie Newton,ThandieNewton_2011G,39,F,Black,Non-US,1685,832,2.024,7.09,197.79,205.13
Thelma Golden,ThelmaGolden_2009,44,F,Black,US,1842,745,2.471,7.08,255.86,235.29
Thomas Barnett,ThomasBarnett_2005,43,M,White,US,3821,1401,2.727,6.55,159.62,150.94
Thomas Insel,ThomasInsel_2013X,62,M,White,US,2114,783,2.699,7.01,152.88,140.35
Tierney Thys,TierneyThys_2003,37,F,White,US,2646,1002,2.641,7.02,237.61,235.29
Tim Berners Lee,TimBernersLee_2014U,59,M,White,Non-US,1105,407,2.714,6.6,164.12,139.13
Tim Brown,TimBrown_2009G,,M,White,Non-US,2516,1007,2.499,7.39,155.57,130.08
Tim Ferriss,TimFerriss_2017,40,M,White,US,2155,806,2.674,7.15,142.53,118.52
Tim Leberecht,TimLeberecht_2016T,,M,White,L2,1645,709,2.32,8,151.48,126.98
Tim Urban,TimUrban_2016,27,M,White,US,2220,848,2.619,6.33,196.53,188.24
Toby Shapshak,TobyShapshak_2013G,,M,White,Non-US,1186,474,2.5,6.91,162.39,130.08
Todd Scott,ToddScott_2017S,,M,White,US,950,327,2.907,6.89,192.75,175.82
Tom Chatfield,TomChatfield_2010G,30,M,White,Non-US,2786,985,2.827,6.7,153.63,141.59
Tom Wujec,TomWujec_2013G,54,M,White,US,1381,545,2.532,7.1,166.29,150.94
Tony Porter,TonyPorter_2010W,58,M,Black,US,1933,670,2.884,5.99,163.86,142.86
Tracy Chevalier,TracyChevalier_2012S,50,F,White,US,2376,858,2.769,6.01,190.95,188.24
Tristan Harris,TristanHarris_2014X,30,M,White,US,2151,900,2.39,6.38,189.22,153.85
Tristram Stuart,TristramStuart_2012S,35,M,White,Non-US,2520,852,2.957,6.89,152.72,133.33
Tristram Wyatt,TristramWyatt_2013X,57,M,White,Non-US,2255,894,2.522,6.83,159.17,148.15
Trita Parsi,TritaParsi_2013G,39,M,Asian,L2,1364,645,2.114,8.09,197.58,175.82
Tshering Tobgay,TsheringTobgay_2016,51,M,Asian,L2,2190,1139,1.923,7.11,162.81,150.94
Uldus Bakhtiozina,UldusBakhtiozina_2014U,28,F,White,L2,437,248,1.763,8.04,212.92,210.53
Vanessa Ruiz,VanessaRuiz_2015P,65,F,Latino,US,1516,687,2.207,8.15,202.35,195.12
Van Jones,VanJones_2010X,42,M,Black,US,2108,766,2.751,6.17,148.52,126.98
Vijay Kumar,VijayKumar_2015X,53,M,Asian,Non-US,1908,794,2.404,7.23,199.38,186.05
Vik Muniz,VikMuniz_2003,42,M,Latino,L2,2308,892,2.588,6.86,167.04,149.53
Vikram Patel,VikramPatel_2012G,48,M,Asian,Non-US,1981,739,2.68,7.76,194.48,181.82
Vilayanur Ramachandran,VilayanurRamachandran_2009I,58,M,Asian,Non-US,1496,460,3.25,6.93,148.17,136.75
Vincent Cochetel,VincentCochetel_2014X,,M,White,L2,2529,1191,2.123,6.67,196.03,155.34
Virginia Postrel,VirginiaPostrel_2004,44,F,White,US,2764,970,2.85,6.65,238.97,235.29
Wade Davis,WadeDavis_2008,55,M,White,US,3587,1152,3.113,7.51,134.97,120.3
Wael Ghonim,WaelGhonim_2015G,35,M,White,L2,1721,818,2.104,7.44,165.96,150.94
Wanda Diaz Merced,WandaDiazMerced_2016,,F,Latino,L2,1532,680,2.254,7.11,206.85,207.79
Wayne Mc Gregor,WayneMcGregor_2012G,42,M,White,Non-US,2522,915,2.756,5.74,174.67,152.38
Wes Moore,WesMoore_2014S,36,M,Black,US,2521,868,2.906,6.44,133.27,109.59
William Black,WilliamBlack_2013X,62,M,White,US,2477,1129,2.195,7.5,167.55,139.13
William Kamkwamba,WilliamKamkwamba_2009G,22,M,Black,L2,552,356,1.551,6.46,186.3,173.91
William Mc Donough,WilliamMcDonough_2005,54,M,White,Non-US,3516,1200,2.931,7.21,122.78,89.89
William Noel,WilliamNoel_2012S,,M,White,Non-US,2502,890,2.81,6.41,157.32,118.52
William Ury,WilliamUry_2010X,57,M,White,US,3148,1122,2.806,6.24,153.2,142.86
Willie Smits,WillieSmits_2009,52,M,White,L2,3466,1236,2.804,6.65,142.09,129.03
Will Marshall,WillMarshall_2014,62,M,White,Non-US,1333,485,2.747,6.93,166.75,149.53
Will Wright,WillWright_2007,47,M,White,US,3438,997,3.448,6.23,153.08,129.03
Woody Norris,WoodyNorris_2004,85,M,White,US,2379,823,2.89,6.55,150.15,131.15
Xavier Vilalta,XavierVilalta_2013G,33,M,White,L2,1327,464,2.858,7.5,135.05,109.59
Yang Lan,YangLan_2011G,43,F,Asian,L2,2407,1031,2.335,7.39,256.85,235.29
Yasheng Huang,YashengHuang_2011G,,M,Asian,L2,2518,1128,2.231,6.64,171.92,142.86
Yochai Benkler,YochaiBenkler_2005G,41,M,White,Non-US,2676,1073,2.495,7.36,163.19,150.94
Zahra Langhi,ZahraLanghi_2012X,37,F,White,L2,988,588,1.68,8.35,195.71,195.12
Zainab Salbi,ZainabSalbi_2010G,41,F,White,L2,2230,1063,2.098,6.97,189.08,192.77
Zak Ebrahim,ZakEbrahim_2014,31,M,White,US,1373,554,2.479,7.8,144.74,115.11
Zeresenay Alemseged,ZeresenayAlemseged_2007G,38,M,Black,L2,2462,951,2.588,6.73,179.08,181.82
Zeynep Tufekci,ZeynepTufekci_2016T,,F,White,L2,2416,1066,2.266,7.24,229.06,228.57
Ziauddin Yousafzai,ZiauddinYousafzai_2014,45,M,Asian,Non-US,1742,996,1.748,6.69,270.88,262.3
Zubaida Bai,ZubaidaBai_2016S,,F,Asian,Non-US,1050,409,2.568,7.21,231.78,246.15